FishIDs,Stock,Pond,Trial,Chamber.No,Ind,Mass,Volume,SMR.Start.Date,SMR.Date.Time,SMR.Phase,SMR.Temp.true,Temp.factor,Slope.with.BR.SMR,Slope.SMR,SE.SMR,R2.SMR,MR.abs.with.BR,BR.SMR,SMR.abs,SMR,SMR.units,DO.unit,MMR.Date,MMR.Date.Time,MMR.Phase,MMR.Temp.true,Slope.with.BR.MMR,Slope.MMR,SE.MMR,R2.MMR,MR.abs.with.BR.MMR,BR.MMR,MMR.abs,MMR,MMR.units,MMR.Best.Temp,MMR.Best,MMR.Best.units,DO.unit,Trial.Best.MMR,Experiment,test.Num,Replicate,AS.absolute,AS.absolute.units,AS.factorial,AS.Best.absolute,AS.Best.absolute.units,AS.Best.factorial,K,relative.weight
1,LP,BC,Acute,CH1,1,4.05,78,8/4/21,(2021-Aug-04 03:31:16),M40,20.99366667,21,-0.003168182,-0.003110546,3.69E-05,0.975536427,0.843433511,1.819236645,0.828089459,204.4665331,3.407775552,mg O2,8/4/21,(2021-Aug-04 13:34:52),M3,21.01305556,-0.007824405,-0.007785529,6.31E-05,0.988454672,2.083013156,0.496858208,2.072663534,511.7687738,8.529479564,21.01305556,511.7687738,8.529479563,mg O2,MMR,1,1,1,307.3022407,5.121704012,2.502946404,307.3022407,5.121704012,2.502946404,0.655066582,83.8446885
2,LP,BC,Acute,CH2,2,2.89,78,8/4/21,(2021-Aug-04 08:21:16),M69,20.99111111,21,-0.002898012,-0.002597787,4.25E-05,0.954522707,0.78361094,10.35969185,0.702431261,243.0557998,4.050929997,mg O2,8/3/21,(2021-Aug-04 13:34:52),M3,21.01305556,-0.005696563,-0.005603812,3.52E-05,0.993014327,1.540327866,1.628187125,1.515248446,524.3074207,8.738457011,20.95061111,529.1025821,8.818376368,mg O2,SMR,1,1,1,281.2516209,4.687527015,2.157148363,286.0467823,4.767446372,2.176877007,0.649481482,84.73361697
3,LP,BC,Acute,CH3,3,3.38,78,8/4/21,(2021-Aug-04 02:31:16),M34,21.00338889,21,-0.00296898,-0.002929142,2.62E-05,0.985934597,0.797562909,1.341807561,0.786861149,232.7991566,3.879985943,mg O2,8/3/21,(2021-Aug-04 13:44:52),M4,20.99327778,-0.007084158,-0.007060595,4.51E-05,0.992790377,1.90303153,0.332610428,1.896701848,561.154393,9.352573217,21.01166667,644.2664688,10.73777448,mg O2,SMR,1,1,1,328.3552364,5.472587273,2.410465747,411.4673122,6.857788537,2.767477676,0.672439519,87.23280868
4,LP,BC,Acute,CH4,4,3.03,78,8/4/21,(2021-Aug-04 05:31:16),M52,20.96055556,21,-0.002849061,-0.002699081,2.34E-05,0.986848176,0.768938807,5.264183591,0.728460457,240.4159924,4.006933207,mg O2,8/4/21,(2021-Aug-04 13:54:52),M5,20.98355556,-0.006045895,-0.005956231,2.91E-05,0.995765799,1.631738802,1.48306352,1.60753908,530.5409503,8.842349172,20.98355556,530.5409503,8.842349172,mg O2,MMR,1,1,1,290.1249579,4.835415965,2.206762308,290.1249579,4.835415965,2.206762308,0.666548148,86.96019376
5,LP,BC,Acute,CH5,5,2.71,78,8/4/21,(2021-Aug-04 05:01:16),M49,20.99083333,21,-0.002872361,-0.002603139,2.88E-05,0.978737157,0.778536222,9.372860904,0.705565105,260.3561273,4.339268788,mg O2,8/3/21,(2021-Aug-04 14:16:52),M7,21.05305556,-0.004842662,-0.004526592,2.42E-05,0.994956194,1.312574583,6.526785451,1.226905656,452.7327145,7.545545242,21.01883333,475.2510443,7.920850738,mg O2,SMR,1,1,1,192.3765872,3.206276453,1.738897867,214.894917,3.58158195,1.82538836,0.664973423,87.39456771
6,LP,BC,Acute,CH6,6,2.77,78,8/4/21,(2021-Aug-03 21:19:22),M3,20.96022222,21,-0.002657993,-0.002365611,2.46E-05,0.981073282,0.719858819,11.00009472,0.640673667,231.2901324,3.85483554,mg O2,8/4/21,(2021-Aug-04 14:27:52),M8,20.9805,-0.005143856,-0.005375147,3.49E-05,0.992558281,1.39310022,-4.496451731,1.455740299,525.5380139,8.758966899,20.9805,525.5380139,8.758966898,mg O2,MMR,1,1,1,294.2478815,4.904131358,2.272202486,294.2478815,4.904131358,2.272202486,0.569555495,73.98965908
7,LP,BC,Acute,CH7,7,2.58,78,8/4/21,(2021-Aug-04 05:01:16),M49,20.99083333,21,-0.0023172,-0.001915027,2.98E-05,0.958678968,0.629147654,17.35597971,0.519952915,201.5321376,3.35886896,mg O2,8/4/21,(2021-Aug-04 14:49:52),M10,21.04927778,-0.003011316,-0.003409635,3.76E-05,0.978764799,0.817608464,-13.22738525,0.925756685,358.8204207,5.980340344,20.99761111,556.9264528,9.282107547,mg O2,SMR,1,1,1,157.2882831,2.621471385,1.780462536,355.3943152,5.923238587,2.763462242,0.679637808,89.59247703
8,LP,BC,Acute,CH8,8,2.72,78,8/4/21,(2021-Aug-04 11:31:16),M88,20.97627778,21,-0.001450846,-0.001824368,2.49E-05,0.967820178,0.39319096,-25.74512027,0.494418445,181.7714872,3.029524787,mg O2,8/3/21,(2021-Aug-04 17:01:52),M22,21.001,-0.002148435,-0.002530067,2.82E-05,0.978345207,0.582242965,-17.76326221,0.68566831,252.0839373,4.201398956,20.9755,493.0904407,8.218174012,mg O2,SMR,1,1,1,70.3124501,1.171874168,1.386817818,311.3189535,5.188649225,2.712694099,0.689997568,90.72879862
17,LP,BC,Acute,CH1,1,3.65,78,8/5/21,(2021-Aug-05 04:47:08),M54,23.04738889,23,-0.004613236,-0.004529517,2.44E-05,0.994874188,1.234778691,1.81476076,1.212370411,332.1562771,5.535937952,mg O2,8/5/21,(2021-Aug-05 11:09:34),M1,23.02694444,-0.010072059,-0.010038304,2.69E-05,0.998728027,2.695887379,0.335132579,2.686852582,736.1239951,12.26873325,23.02694444,736.1239951,12.26873325,mg O2,MMR,1,2,1,403.967718,6.7327953,2.216197753,403.967718,6.7327953,2.216197753,0.655066582,83.8446885
18,LP,BC,Acute,CH2,2,2.67,78,8/5/21,(2021-Aug-05 07:43:08),M70,23.00522222,23,-0.003109319,-0.00274784,3.59E-05,0.970526846,0.84320988,11.62564104,0.745181326,279.0941295,4.651568825,mg O2,8/5/21,(2021-Aug-05 11:20:34),M2,23.01311111,-0.006361602,-0.006276713,3.11E-05,0.995662138,1.725189994,1.334391386,1.702169207,637.5165569,10.62527595,23.01311111,637.5165569,10.62527595,mg O2,MMR,1,2,1,358.4224274,5.973707123,2.284234921,358.4224274,5.973707123,2.284234921,0.649481482,84.73361697
19,LP,BC,Acute,CH3,3,3.06,78,8/5/21,(2021-Aug-05 07:32:08),M69,23.00866667,23,-0.003074551,-0.002934233,3.93E-05,0.968809508,0.829464656,4.563851206,0.791609123,258.6957918,4.31159653,mg O2,8/4/21,(2021-Aug-05 11:31:34),M3,23.06077778,-0.006493066,-0.006472417,2.25E-05,0.99784833,1.751725441,0.31802665,1.746154488,570.6387214,9.510645357,23.04822222,586.2327609,9.770546015,mg O2,SMR,1,2,1,311.9429296,5.199048827,2.205829161,327.5369691,5.458949485,2.266108609,0.672439519,87.23280868
20,LP,BC,Acute,CH4,4,2.75,78,8/5/21,(2021-Aug-05 05:31:08),M58,23.0335,23,-0.003493075,-0.003318246,1.94E-05,0.993919915,0.94627402,5.005007291,0.898912936,326.8774313,5.447957188,mg O2,8/4/21,(2021-Aug-05 11:42:34),M4,23.06316667,-0.006073994,-0.005990418,1.86E-05,0.998285822,1.645444966,1.375969107,1.622804152,590.1106007,9.835176678,23.04822222,621.6092752,10.36015459,mg O2,SMR,1,2,1,263.2331694,4.38721949,1.805296249,294.7318439,4.912197398,1.90165859,0.666548148,86.96019376
21,LP,BC,Acute,CH5,5,2.44,78,8/5/21,(2021-Aug-05 08:27:08),M74,22.98777778,23,-0.00251545,-0.00231188,3.34E-05,0.964270263,0.68424256,8.092762662,0.628868433,257.7329645,4.295549408,mg O2,8/5/21,(2021-Aug-05 12:26:34),M8,23.04227778,-0.005337558,-0.005032557,2.32E-05,0.996233542,1.451901162,5.714236173,1.3689361,561.0393853,9.350656422,23.04227778,561.0393853,9.350656422,mg O2,MMR,1,2,1,303.3064208,5.055107013,2.17682432,303.3064208,5.055107013,2.17682432,0.664973423,87.39456771
22,LP,BC,Acute,CH6,6,2.55,78,8/5/21,(2021-Aug-05 10:17:08),M84,23.03727778,23,-0.00306084,-0.003204871,2.57E-05,0.988639969,0.831385231,-4.705604483,0.870506932,341.3752674,5.68958779,mg O2,8/5/21,(2021-Aug-05 12:04:34),M6,23.06,-0.005817631,-0.006065432,5.44E-05,0.985882023,1.58018491,-4.259482291,1.647492606,646.0755319,10.76792553,22.99955556,652.0823394,10.86803899,mg O2,SMR,1,2,1,304.7002645,5.078337742,1.892566901,310.707072,5.1784512,1.910162808,0.569555495,73.98965908
23,LP,BC,Acute,CH7,7,2.53,78,8/5/21,(2021-Aug-05 09:55:08),M82,23.04666667,23,-0.001583442,-0.002014392,2.75E-05,0.967736103,0.430208469,-27.21603337,0.547294149,216.3217981,3.605363302,mg O2,8/5/21,(2021-Aug-05 12:26:34),M8,23.04227778,-0.004732929,-0.005126165,3.31E-05,0.992624612,1.285898911,-8.308524964,1.392738143,550.4893846,9.174823077,23.04227778,550.4893846,9.174823077,mg O2,MMR,1,2,1,334.1675865,5.569459775,2.544770751,334.1675865,5.569459775,2.544770751,0.679637808,89.59247703
24,LP,BC,Acute,CH8,8,2.52,78,8/5/21,(2021-Aug-05 03:41:08),M48,22.99644444,23,-0.001622427,-0.001959792,2.51E-05,0.971312813,0.440858903,-20.79380087,0.532530226,211.3215181,3.522025302,mg O2,8/5/21,(2021-Aug-05 12:26:34),M8,23.04227778,-0.005987392,-0.006292662,4.55E-05,0.990784915,1.626941963,-5.098554276,1.709892483,678.5287629,11.30881272,23.04227778,678.5287629,11.30881272,mg O2,MMR,1,2,1,467.2072448,7.786787413,3.21088344,467.2072448,7.786787413,3.21088344,0.689997568,90.72879862
25,LP,BC,Acute,CH1,1,3.6,78,8/6/21,(2021-Aug-06 04:14:39),M61,24.954,25,-0.004556029,-0.004471509,2.69E-05,0.993574146,1.220286703,1.855109851,1.197649044,332.6802901,5.544671502,mg O2,8/6/21,(2021-Aug-06 09:25:23),M2,24.966,-0.009348682,-0.009312223,3.11E-05,0.9980185,2.5039509,0.389984705,2.494185875,692.8294096,11.54715683,24.966,692.8294096,11.54715683,mg O2,MMR,1,3,1,360.1491195,6.002485325,2.08256825,360.1491195,6.002485325,2.08256825,0.655066582,83.8446885
26,LP,BC,Acute,CH2,2,2.69,78,8/6/21,(2021-Aug-06 02:02:39),M49,25.03077778,25,-0.003281641,-0.00306,3.11E-05,0.981944496,0.889705389,6.753961849,0.829615027,308.4070731,5.140117885,mg O2,8/6/21,(2021-Aug-06 09:25:23),M2,24.966,-0.006791813,-0.006706238,4.90E-05,0.990577655,1.841369197,1.259972351,1.818168455,675.8990538,11.26498423,24.966,675.8990538,11.26498423,mg O2,MMR,1,3,1,367.4919807,6.124866345,2.19158091,367.4919807,6.124866345,2.19158091,0.649481482,84.73361697
27,LP,BC,Acute,CH3,3,3.03,78,8/6/21,(2021-Aug-06 07:54:39),M81,24.97477778,25,-0.004255132,-0.004030381,2.49E-05,0.993233587,1.148425951,5.281860165,1.087767698,358.9992404,5.983320673,mg O2,8/6/21,(2021-Aug-06 09:36:23),M3,24.95394444,-0.00777839,-0.007757366,5.61E-05,0.990760794,2.099325355,0.270295443,2.093650974,690.9739188,11.51623198,24.95394444,690.9739188,11.51623198,mg O2,MMR,1,3,1,331.9746784,5.532911307,1.924722509,331.9746784,5.532911307,1.924722509,0.672439519,87.23280868
28,LP,BC,Acute,CH4,4,2.73,78,8/6/21,(2021-Aug-06 07:43:39),M80,24.95772222,25,-0.003544059,-0.00327128,1.94E-05,0.99378452,0.960340794,7.696796028,0.886425322,324.6979202,5.411632003,mg O2,8/6/21,(2021-Aug-06 09:47:23),M4,24.93138889,-0.007594484,-0.007509833,4.98E-05,0.99224004,2.057892653,1.114646057,2.034954434,745.4045544,12.42340924,24.93138889,745.4045544,12.42340924,mg O2,MMR,1,3,1,420.7066342,7.011777237,2.295686261,420.7066342,7.011777237,2.295686261,0.666548148,86.96019376
29,LP,BC,Acute,CH5,5,2.37,78,8/6/21,(2021-Aug-06 04:14:39),M61,24.92361111,25,-0.003909218,-0.003679459,2.35E-05,0.992769753,1.064354934,5.877349135,1.001799078,422.7000329,7.045000548,mg O2,8/5/21,(2021-Aug-06 09:36:23),M3,24.94616667,-0.00670705,-0.006344304,2.85E-05,0.996418888,1.826115128,5.4084355,1.727350869,728.8400292,12.14733382,24.94616667,728.8400292,12.14733382,mg O2,MMR,1,3,1,306.1399963,5.102333272,1.724248811,306.1399963,5.102333272,1.724248811,0.664973423,87.39456771
30,LP,BC,Acute,CH6,6,2.43,78,8/6/21,(2021-Aug-06 05:42:39),M69,24.89922222,25,-0.003551967,-0.003389902,2.46E-05,0.990678994,0.966319628,4.562664389,0.922229706,379.5183977,6.325306628,mg O2,8/5/21,(2021-Aug-06 10:31:23),M8,24.89116667,-0.005989155,-0.006217565,2.22E-05,0.997738856,1.629361732,-3.8137194,1.691501016,696.0909531,11.60151588,24.92866667,777.3202031,12.95533672,mg O2,SMR,1,3,1,316.5725554,5.276209257,1.834142843,397.8018054,6.63003009,2.048175287,0.569555495,73.98965908
31,LP,BC,Acute,CH7,7,2.22,78,8/6/21,(2021-Aug-06 07:54:39),M81,24.94483333,25,-0.003534296,-0.003104975,2.49E-05,0.988706862,0.964184326,12.14728135,0.847062143,381.5595239,6.359325398,mg O2,8/5/21,(2021-Aug-06 10:31:23),M8,24.89116667,-0.00565592,-0.006050075,4.57E-05,0.98992958,1.542980142,-6.968905428,1.650508969,743.4725085,12.39120848,24.98433333,845.048492,14.08414153,mg O2,SMR,1,3,1,361.9129846,6.031883077,1.948509897,463.4889681,7.724816135,2.214722577,0.679637808,89.59247703
32,LP,BC,Acute,CH8,8,2.51,78,8/6/21,(2021-Aug-05 23:50:39),M37,24.95861111,25,-0.002335798,-0.002022286,2.62E-05,0.971006748,0.634785816,13.42204023,0.549584609,218.9580115,3.649300192,mg O2,8/5/21,(2021-Aug-06 12:43:23),M20,24.986,-0.007059527,-0.007434577,3.45E-05,0.996190518,1.918525339,-5.312683154,2.020450511,804.960363,13.41600605,24.986,804.960363,13.41600605,mg O2,MMR,1,3,1,586.0023515,9.766705858,3.676322951,586.0023515,9.766705858,3.676322951,0.689997568,90.72879862
33,UP,LF,Acute,CH1,9,2.59,78,8/16/21,(2021-Aug-17 08:10:03),M68,21.04533333,21,-0.002687911,-0.002383084,4.89E-05,0.952491867,0.729703293,11.34067602,0.646950007,249.7876475,4.163127459,mg O2,8/17/21,(2021-Aug-17 13:12:52),M1,21.02558333,-0.005426177,-0.005195322,6.81E-05,0.980128195,1.473076958,4.254471635,1.410405317,544.5580375,9.075967291,25.00955556,544.5580375,9.075967292,mg O2,MMR,2,1,1,294.77039,4.912839833,2.180083935,294.77039,4.912839833,2.180083935,0.692818695,91.37654896
34,UP,LF,Acute,CH2,10,4.42,78,8/16/21,(2021-Aug-17 07:10:03),M62,21.00708333,21,-0.003924576,-0.003678202,6.75E-05,0.961508911,1.039573117,6.277715088,0.974311679,220.4325065,3.673875109,mg O2,8/16/21,(2021-Aug-17 13:45:52),M4,21.02466667,-0.007015004,-0.006874769,6.55E-05,0.989409877,1.858190452,1.999072081,1.821043885,412.000879,6.866681317,25.01322222,709.4920289,11.82486715,mg O2,SMR,2,1,1,191.5683725,3.192806208,1.869056817,489.0595224,8.15099204,3.218636127,0.658012506,83.68770807
35,UP,LF,Acute,CH3,11,4.63,78,8/16/21,(2021-Aug-16 23:20:03),M15,21.05233333,21,-0.003856011,-0.003842213,6.67E-05,0.965637852,1.018495799,0.357819731,1.01485142,219.1903715,3.653172858,mg O2,8/17/21,(2021-Aug-17 13:45:52),M4,21.02466667,-0.008165852,-0.008146387,6.04E-05,0.99354746,2.156862827,0.238375557,2.151721394,464.7346422,7.745577371,24.99655556,548.0776799,9.134627998,mg O2,SMR,2,1,1,245.5442707,4.092404512,2.120232924,328.8873084,5.48145514,2.500464214,0.680959219,86.60612956
36,UP,LF,Acute,CH4,12,4.39,78,8/16/21,(2021-Aug-17 04:00:03),M43,21.01508333,21,-0.003508972,-0.003428346,5.96E-05,0.965519642,0.929863413,2.297682078,0.908498108,206.9471773,3.449119621,mg O2,8/17/21,(2021-Aug-17 14:07:52),M6,21.00341667,-0.005951109,-0.006007159,0.000123315,0.952630398,1.577020097,-0.94183964,1.591873098,362.6134619,6.043557698,25.00311111,620.0618364,10.33436394,mg O2,SMR,2,1,1,155.6662846,2.594438077,1.752202985,413.1146591,6.885244318,2.996232394,0.656031587,83.61079127
37,UP,LF,Acute,CH5,13,4.28,78,8/16/21,(2021-Aug-17 03:40:03),M41,20.93658333,21,-0.004571522,-0.00468514,5.90E-05,0.981368811,1.213245241,-2.485357572,1.243398723,290.5137203,4.841895339,mg O2,8/17/21,(2021-Aug-17 13:56:52),M5,20.973,-0.009976917,-0.010098842,7.82E-05,0.992970063,2.647794019,-1.222070142,2.680151919,626.2037194,10.43672866,24.93533333,762.6675308,12.71112551,mg O2,SMR,2,1,1,335.6899991,5.594833318,2.155504803,472.1538105,7.869230175,2.625237562,0.583036741,73.7276259
38,UP,LF,Acute,CH6,14,4.88,78,8/16/21,(2021-Aug-17 02:40:03),M35,20.92641667,21,-0.003841736,-0.003605449,7.26E-05,0.954298636,1.011267811,6.15052984,0.949069482,194.4814513,3.241357522,mg O2,8/16/21,(2021-Aug-17 14:29:52),M8,20.99016667,-0.006009416,-0.005773114,6.32E-05,0.986075202,1.581870684,3.932199474,1.519668374,311.4074536,5.190124227,24.93166667,685.178079,11.41963465,mg O2,SMR,2,1,1,116.9260023,1.948766705,1.601219301,490.6966277,8.178277128,3.523102457,0.674217271,85.43100743
39,UP,LF,Acute,CH7,15,4.24,78,8/16/21,(2021-Aug-17 09:00:03),M73,20.94083333,21,-0.003207146,-0.002865513,6.02E-05,0.950619436,0.851612689,10.65225118,0.760896767,179.4567846,2.99094641,mg O2,8/16/21,(2021-Aug-17 14:29:52),M8,20.99016667,-0.006623409,-0.006282099,4.73E-05,0.993352156,1.758753504,5.153087526,1.668123397,393.4253294,6.557088823,24.93344444,624.7881255,10.41313543,mg O2,SMR,2,1,1,213.9685448,3.566142413,2.192312374,445.3313409,7.422189015,3.48155199,0.683952224,87.35426738
40,UP,LF,Acute,CH8,16,4.97,78,8/16/21,(2021-Aug-16 23:30:03),M16,20.93666667,21,-0.004583608,-0.004233111,5.75E-05,0.978699071,1.20506728,7.646750509,1.112918792,223.9273223,3.732122038,mg O2,8/17/21,(2021-Aug-17 14:29:52),M8,20.99016667,-0.00742536,-0.007176935,8.72E-05,0.982878655,1.952186607,3.345626911,1.886873726,379.6526612,6.327544353,24.93166667,463.5331489,7.725552482,mg O2,SMR,2,1,1,155.7253389,2.595422315,1.69542804,239.6058266,3.993430443,2.07001604,0.63192453,79.62285824
49,UP,LF,Acute,CH1,9,2.44,78,8/17/21,(2021-Aug-18 03:16:30),M45,23.10116667,23,-0.002834068,-0.002547905,5.36E-05,0.950443513,0.770911761,10.09725788,0.693070813,284.0454151,4.734090251,mg O2,8/18/21,(2021-Aug-18 11:19:23),M2,23.0435,-0.006046138,-0.005811003,5.25E-05,0.990464985,1.644646349,3.889021053,1.580685707,647.8220109,10.79703351,21.05355556,787.8749882,13.1312498,mg O2,SMR,2,2,1,363.7765958,6.062943263,2.280698707,503.8295731,8.397159552,2.773764146,0.692818695,91.37654896
50,UP,LF,Acute,CH2,10,4.34,78,8/17/21,(2021-Aug-18 10:11:10),M82,23.05725,23,-0.004774007,-0.004382024,4.92E-05,0.985372798,1.265952049,8.210775874,1.162007563,267.7436782,4.462394636,mg O2,8/18/21,(2021-Aug-18 11:30:23),M3,23.01758333,-0.009932699,-0.009801843,0.0001273,0.980485099,2.633913477,1.317433538,2.599213418,598.8971009,9.981618348,21.04133333,633.4100687,10.55683448,mg O2,SMR,2,2,1,331.1534227,5.519223712,2.236830034,365.6663905,6.094439842,2.365733051,0.658012506,83.68770807
51,UP,LF,Acute,CH3,11,4.38,78,8/17/21,(2021-Aug-18 07:29:30),M68,23.15066667,23,-0.004337902,-0.004197938,4.65E-05,0.985726562,1.149682765,3.226518873,1.112588033,254.0155327,4.233592212,mg O2,8/18/21,(2021-Aug-18 12:14:23),M7,23.00408333,-0.008790057,-0.008760824,4.89E-05,0.996338365,2.329646369,0.332570077,2.321898662,530.1138498,8.835230829,21.00322222,706.6236953,11.77706159,mg O2,SMR,2,2,1,276.0983171,4.601638618,2.08693478,452.6081626,7.543469377,2.781812938,0.680959219,86.60612956
52,UP,LF,Acute,CH4,12,4.1,78,8/17/21,(2021-Aug-18 01:04:30),M33,23.1465,23,-0.003710499,-0.003640153,4.49E-05,0.982358735,0.987141144,1.89585203,0.968426409,236.2015632,3.93669272,mg O2,8/17/21,(2021-Aug-18 11:52:23),M5,23.004,-0.007458382,-0.007408568,5.30E-05,0.993987937,1.984228018,0.667892868,1.970975501,480.7257318,8.012095531,21.05355556,719.1381089,11.98563515,mg O2,SMR,2,2,1,244.5241686,4.07540281,2.035235183,482.9365457,8.048942428,3.044595045,0.656031587,83.61079127
53,UP,LF,Acute,CH5,13,4.25,78,8/17/21,(2021-Aug-18 05:17:30),M56,23.03366667,23,-0.00466567,-0.004717435,3.73E-05,0.992680943,1.238735293,-1.109494595,1.252478994,294.7009398,4.91168233,mg O2,8/18/21,(2021-Aug-18 11:52:23),M5,22.93808333,-0.011013157,-0.011137586,5.10E-05,0.997528171,2.923993149,-1.12982092,2.957029036,695.7715378,11.5961923,21.00866667,780.8955093,13.01492516,mg O2,SMR,2,2,1,401.070598,6.684509967,2.360941021,486.1945695,8.103242825,2.649789681,0.583036741,73.7276259
54,UP,LF,Acute,CH6,14,4.64,78,8/17/21,(2021-Aug-18 01:04:30),M33,23.092,23,-0.004446951,-0.004208318,8.85E-05,0.95035735,1.17442206,5.366223488,1.111399947,239.5258507,3.992097512,mg O2,8/17/21,(2021-Aug-18 12:14:23),M7,22.94066667,-0.008186298,-0.007958609,6.11E-05,0.99309559,2.161968485,2.781338915,2.101836814,452.982072,7.549701201,21.02722222,747.9371077,12.46561846,mg O2,SMR,2,2,1,213.4562213,3.557603688,1.89116152,508.411257,8.47352095,3.122573641,0.674217271,85.43100743
55,UP,LF,Acute,CH7,15,4.15,78,8/17/21,(2021-Aug-18 07:18:30),M67,23.08975,23,-0.003680914,-0.003339815,5.27E-05,0.971440309,0.978607704,9.266695901,0.887923104,213.9573745,3.565956242,mg O2,8/18/21,(2021-Aug-18 12:25:23),M8,22.91691667,-0.007670674,-0.007329297,7.35E-05,0.988266488,2.039325278,4.450416088,1.948566818,469.534173,7.82556955,20.95622222,717.3919546,11.95653258,mg O2,SMR,2,2,1,255.5767985,4.259613308,2.194522036,503.4345801,8.390576335,3.352966713,0.683952224,87.35426738
56,UP,LF,Acute,CH8,16,4.81,78,8/17/21,(2021-Aug-18 00:20:30),M29,23.10016667,23,-0.005519752,-0.005252592,3.75E-05,0.994048958,1.454366297,4.840065258,1.383974019,287.7284863,4.795474771,mg O2,8/18/21,(2021-Aug-18 12:36:23),M9,22.94275,-0.010462224,-0.010225147,7.65E-05,0.993437935,2.756628644,2.266025471,2.694162737,560.1169932,9.335283219,20.97088889,732.4750758,12.20791793,mg O2,SMR,2,2,1,272.3885069,4.539808448,1.94668592,444.7465895,7.412443158,2.545716224,0.63192453,79.62285824
57,UP,LF,Acute,CH1,9,2.42,78,8/18/21,(2021-Aug-18 23:00:57),M33,24.99008333,25,-0.00333934,-0.003072451,3.87E-05,0.981589797,0.908594383,7.992281991,0.835976958,345.4450239,5.757417065,mg O2,8/19/21,(2021-Aug-19 09:13:44),M1,24.9865,-0.006685382,-0.006454527,6.85E-05,0.986891573,1.819012294,3.453133601,1.756199369,725.7022188,12.09503698,24.97033333,922.0775583,15.36795931,mg O2,SMR,2,3,1,380.2571949,6.337619915,2.100774852,576.6325344,9.61054224,2.66924545,0.692818695,91.37654896
58,UP,LF,Acute,CH2,10,4.21,78,8/18/21,(2021-Aug-19 03:46:57),M59,24.96991667,25,-0.005063758,-0.004792035,4.41E-05,0.99012258,1.345156909,5.366027666,1.272975417,302.3694578,5.039490963,mg O2,8/18/21,(2021-Aug-19 09:35:44),M3,24.94225,-0.011133264,-0.011001358,6.70E-05,0.995638226,2.957484665,1.184791748,2.92244463,694.1673706,11.56945618,25.03711111,865.003033,14.41671722,mg O2,SMR,2,3,1,391.7979128,6.529965213,2.295758889,562.6335752,9.377226253,2.860748699,0.658012506,83.68770807
59,UP,LF,Acute,CH3,11,4.41,78,8/18/21,(2021-Aug-19 03:02:57),M55,24.97983333,25,-0.004113106,-0.004024948,3.69E-05,0.990169959,1.089660397,2.143334142,1.066305334,241.7925928,4.029876546,mg O2,8/19/21,(2021-Aug-19 09:35:44),M3,24.94225,-0.009734511,-0.009717771,0.000104442,0.986553117,2.578905598,0.171961755,2.574470867,583.7802419,9.729670699,24.99411111,846.2191225,14.10365204,mg O2,SMR,2,3,1,341.9876491,5.699794152,2.414384308,604.4265297,10.0737755,3.49977273,0.680959219,86.60612956
60,UP,LF,Acute,CH4,12,4.01,78,8/18/21,(2021-Aug-19 03:57:57),M60,24.99191667,25,-0.004215225,-0.004349274,4.69E-05,0.986488024,1.122784264,-3.180105943,1.158489993,288.9002475,4.815004126,mg O2,8/19/21,(2021-Aug-19 09:46:44),M4,24.9965,-0.010655852,-0.010702029,4.58E-05,0.997841444,2.838335461,-0.433345111,2.850635249,710.8816081,11.8480268,24.944,809.2108005,13.48684668,mg O2,SMR,2,3,1,421.9813606,7.033022677,2.46064728,520.310553,8.67184255,2.801004179,0.656031587,83.61079127
61,UP,LF,Acute,CH5,13,4.05,78,8/18/21,(2021-Aug-18 20:48:57),M21,24.877,25,-0.005209524,-0.00531313,9.04E-05,0.967142638,1.3868794,-1.988786816,1.414461475,349.2497469,5.820829114,mg O2,8/18/21,(2021-Aug-19 09:57:44),M5,24.89058333,-0.010845073,-0.010966998,5.91E-05,0.996587775,2.887175287,-1.124242581,2.919634141,720.8973188,12.01495531,25.00988889,809.5159598,13.49193266,mg O2,SMR,2,3,1,371.6475719,6.194126198,2.064131256,460.2662129,7.671103548,2.317871285,0.583036741,73.7276259
62,UP,LF,Acute,CH6,14,4.53,78,8/18/21,(2021-Aug-18 19:20:57),M13,24.86191667,25,-0.005187067,-0.004985893,6.04E-05,0.982949901,1.371937644,3.878378767,1.318728705,291.1100895,4.851834824,mg O2,8/18/21,(2021-Aug-19 09:13:44),M1,24.90658333,-0.010603092,-0.010409484,8.98E-05,0.991301727,2.804433022,1.825956214,2.753225303,607.776005,10.12960008,25.01977778,725.6056933,12.09342822,mg O2,SMR,2,3,1,316.6659155,5.277765258,2.087787497,434.4956038,7.241593397,2.492547388,0.674217271,85.43100743
63,UP,LF,Acute,CH7,15,4.05,78,8/18/21,(2021-Aug-19 05:14:57),M67,24.885,25,-0.00462212,-0.004255443,4.53E-05,0.986959395,1.230500892,7.933108591,1.13288392,279.7244247,4.662073746,mg O2,8/19/21,(2021-Aug-19 10:41:44),M9,24.90491667,-0.008630368,-0.00828925,8.66E-05,0.987290975,2.297576633,3.952531041,2.206764204,544.8800503,9.081334172,24.94511111,735.7919339,12.2631989,mg O2,SMR,2,3,1,265.1556256,4.419260427,1.947917315,456.0675092,7.601125153,2.630417185,0.683952224,87.35426738
64,UP,LF,Acute,CH8,16,4.73,78,8/18/21,(2021-Aug-18 23:11:57),M34,24.86308333,25,-0.005681346,-0.005442875,3.78E-05,0.994354494,1.498579929,4.197439621,1.435677941,303.5259918,5.058766529,mg O2,8/19/21,(2021-Aug-19 10:41:44),M9,24.90491667,-0.010903908,-0.010673851,6.09E-05,0.996177303,2.876145523,2.109855118,2.815463019,595.2353107,9.920588511,24.97544444,713.6164293,11.89360716,mg O2,SMR,2,3,1,291.7093189,4.861821982,1.961068662,410.0904375,6.834840625,2.35108837,0.63192453,79.62285824
65,UP,LF,Acute,CH1,17,4.99,78,8/24/21,(2021-Aug-24 12:22:30),M88,25.00955556,25,-0.005259998,-0.005016877,6.87E-05,0.98382864,1.382516834,4.62207956,1.318615806,264.2516645,4.404194408,mg O2,8/23/21,(2021-Aug-24 14:24:53),M8,24.97644444,-0.008951999,-0.008640937,7.24E-05,0.993857811,2.35290755,3.474778605,2.271149222,455.1401247,7.585668745,25.00955556,694.8361418,11.58060236,mg O3,SMR,3,1,1,190.8884602,3.181474337,1.722373729,430.5844773,7.176407955,2.629448496,0.645536041,81.20986935
66,UP,LF,Acute,CH2,18,4.35,78,8/24/21,(2021-Aug-24 09:45:00),M73,25.01322222,25,-0.005262251,-0.004693446,9.43E-05,0.965655315,1.395233323,10.80916264,1.244420284,286.0736285,4.767893808,mg O2,8/23/21,(2021-Aug-24 13:32:23),M3,24.99677778,-0.009528733,-0.008957123,8.48E-05,0.992175814,2.526448147,5.998804284,2.374891468,545.9520615,9.099201026,25.01322222,744.0080471,12.40013412,mg O4,SMR,3,1,1,259.878433,4.331307217,1.908431981,457.9344186,7.63224031,2.600757193,0.663322718,84.25805047
67,UP,LF,Acute,CH3,19,4.97,78,8/24/21,(2021-Aug-24 02:45:00),M33,24.99655556,25,-0.00616898,-0.006133486,0.000100869,0.976797256,1.621874191,0.575355777,1.612542645,324.4552605,5.407587675,mg O2,8/24/21,(2021-Aug-24 13:42:53),M4,25.02944444,-0.011915923,-0.01189569,8.29E-05,0.995740597,3.132791584,0.169801862,3.127472045,629.2700293,10.48783382,24.99655556,813.8252848,13.56375475,mg O5,SMR,3,1,1,304.8147688,5.080246147,1.939466256,489.3700243,8.156167072,2.508281985,0.623155928,78.27205809
68,UP,LF,Acute,CH4,20,4.82,78,8/24/21,(2021-Aug-24 08:21:00),M65,25.00311111,25,-0.00580184,-0.005288586,8.11E-05,0.979660931,1.52848307,8.846403381,1.393267292,289.0596042,4.81766007,mg O2,8/24/21,(2021-Aug-24 13:53:23),M5,25.04966667,-0.011907921,-0.011511807,0.000149025,0.98546703,3.137117962,3.326475647,3.032762497,629.2038376,10.48673063,25.00311111,658.0523395,10.96753899,mg O6,SMR,3,1,1,340.1442334,5.669070557,2.176726974,368.9927353,6.149878922,2.276528197,0.644255085,81.30564108
69,UP,LF,Acute,CH5,21,5.18,78,8/24/21,(2021-Aug-24 04:09:00),M41,24.93533333,25,-0.006246749,-0.005916951,0.000118758,0.965549296,1.637597785,5.279513308,1.551140592,299.4479908,4.990799847,mg O2,8/23/21,(2021-Aug-24 16:51:53),M22,25.04455556,-0.013108561,-0.012712069,0.000240806,0.969388752,3.436435467,3.024682937,3.33249419,643.3386467,10.72231078,24.93533333,907.8695437,15.13115906,mg O7,SMR,3,1,1,343.8906559,5.731510932,2.148415306,608.4215529,10.14035922,3.031810437,0.638016963,80.13869165
70,UP,LF,Acute,CH6,22,5.37,78,8/24/21,(2021-Aug-24 12:33:00),M89,24.93166667,25,-0.007651435,-0.007478067,6.43E-05,0.993655936,2.000605463,2.265825016,1.955275244,364.1108461,6.068514102,mg O2,8/23/21,(2021-Aug-24 14:03:53),M6,24.97755556,-0.013303492,-0.013152763,7.67E-05,0.997019891,3.478437324,1.132999844,3.439026635,640.4146433,10.67357739,24.93166667,753.8424029,12.56404005,mg O8,SMR,3,1,1,276.3037972,4.605063287,1.758845281,389.7315568,6.495525947,2.07036514,0.638867476,80.15228631
71,UP,LF,Acute,CH7,23,2.12,78,8/24/21,(2021-Aug-24 02:24:00),M31,24.93344444,25,-0.004582912,-0.004356762,5.59E-05,0.985692648,1.25190477,4.934626628,1.190127944,561.3811058,9.356351763,mg O2,8/24/21,(2021-Aug-24 14:14:23),M7,24.95544444,-0.011081924,-0.010831218,7.95E-05,0.99528527,2.987332126,2.262293838,2.919749895,935.8172741,15.59695457,24.93344444,1180.12791,19.6687985,mg O9,SMR,3,1,1,374.4361683,6.240602805,1.666991041,618.7468042,10.31244674,2.102186728,0.752664326,98.00785297
72,UP,LF,Acute,CH8,24,4.98,78,8/24/21,(2021-Aug-24 12:01:30),M86,24.93166667,25,-0.007766384,-0.007710137,0.000135653,0.974142265,2.041564963,0.724238156,2.02677917,406.9837691,6.783062819,mg O2,8/23/21,(2021-Aug-24 14:14:23),M7,24.95544444,-0.013723038,-0.013640584,0.000157015,0.988474432,3.60740248,0.60084252,3.585727672,720.0256369,12.00042728,24.93166667,931.3855109,15.52309185,mg O10,SMR,3,1,1,313.0418678,5.217364463,1.769175313,524.4017418,8.74002903,2.288507753,0.607193075,76.20787975
73,UP,LF,Acute,CH1,17,4.94,78,8/25/21,(2021-Aug-25 03:43:09),M50,22.86322222,23,-0.004135208,-0.003844307,5.72E-05,0.980987728,1.087625816,7.034742791,1.011114137,204.6789751,3.411316251,mg O2,8/24/21,(2021-Aug-25 11:12:17),M1,22.98,-0.007966889,-0.007609283,8.58E-05,0.988933787,2.09541936,4.488654534,2.001363224,405.1342558,6.752237597,22.86322222,526.0826901,8.768044835,mg O11,SMR,3,2,1,200.4552807,3.340921345,1.979364298,321.403715,5.356728583,2.570282023,0.645536041,81.20986935
74,UP,LF,Acute,CH2,18,4.4,78,8/25/21,(2021-Aug-25 04:35:39),M55,22.86322222,23,-0.004802058,-0.004234602,8.74E-05,0.963828391,1.272353285,11.81692929,1.122000197,255.0000447,4.250000745,mg O2,8/24/21,(2021-Aug-25 11:22:47),M2,23.01244444,-0.006590807,-0.00601916,0.000129572,0.960819059,1.746300141,8.673387885,1.594836756,362.4628991,6.041048318,22.86322222,649.793587,10.82989312,mg O12,SMR,3,2,1,107.4628544,1.791047573,1.421422885,394.7935423,6.579892372,2.548209698,0.663322718,84.25805047
75,UP,LF,Acute,CH3,19,4.95,78,8/25/21,(2021-Aug-25 09:50:39),M85,22.85488889,23,-0.005269288,-0.005179562,5.42E-05,0.990449554,1.385717274,1.702801904,1.362121254,275.1760109,4.586266848,mg O2,8/25/21,(2021-Aug-25 11:33:17),M3,22.98922222,-0.01003093,-0.010012088,7.19E-05,0.995477105,2.637934,0.187836238,2.632979004,531.9149503,8.865249171,22.85488889,735.9300051,12.26550009,mg O13,SMR,3,2,1,256.7389394,4.278982323,1.932998987,460.7539942,7.679233237,2.674397389,0.623155928,78.27205809
76,UP,LF,Acute,CH4,20,4.66,78,8/25/21,(2021-Aug-25 03:32:39),M49,22.87677778,23,-0.004925889,-0.004453791,7.21E-05,0.977440545,1.300552868,9.584018692,1.175907638,252.3406948,4.205678247,mg O2,8/25/21,(2021-Aug-25 11:43:47),M4,22.93377778,-0.009108132,-0.008719328,0.000100417,0.988463065,2.404765566,4.268756825,2.302111972,494.0154447,8.233590744,22.87677778,592.7503121,9.879171868,mg O14,SMR,3,2,1,241.6747499,4.027912498,1.957731967,340.4096173,5.673493622,2.349008005,0.644255085,81.30564108
77,UP,LF,Acute,CH5,21,5.01,78,8/24/21,(2021-Aug-24 20:22:09),M8,22.96644444,23,-0.005345826,-0.00502758,0.000104508,0.963391987,1.404690512,5.953155457,1.321067102,263.6860484,4.394767473,mg O2,8/25/21,(2021-Aug-25 12:04:47),M6,22.92122222,-0.010938266,-0.010606419,9.47E-05,0.993037937,2.874182519,3.033814318,2.786985158,556.2844627,9.271407711,22.96644444,811.8332052,13.53055342,mg O15,SMR,3,2,1,292.5984143,4.876640238,2.109646931,548.1471568,9.135785947,3.078787104,0.638016963,80.13869165
78,UP,LF,Acute,CH6,22,5.14,78,8/24/21,(2021-Aug-24 21:04:09),M12,22.83655556,23,-0.005601469,-0.005385297,9.19E-05,0.975490985,1.469242791,3.859188093,1.412541948,274.8136086,4.580226809,mg O2,8/24/21,(2021-Aug-25 12:15:17),M7,22.95911111,-0.01245888,-0.012312316,7.73E-05,0.996539236,3.267914508,1.176386392,3.229471207,628.3017912,10.47169652,22.83655556,734.7046391,12.24507732,mg O16,SMR,3,2,1,353.4881826,5.89146971,2.286283399,459.8910305,7.664850508,2.673465273,0.638867476,80.15228631
79,UP,LF,Acute,CH7,23,3.01,78,8/25/21,(2021-Aug-25 08:26:39),M77,22.85644444,23,-0.00307043,-0.002992269,6.62E-05,0.958853106,0.828905662,2.545601609,0.807805026,268.3737627,4.472896045,mg O2,8/25/21,(2021-Aug-25 12:15:17),M7,22.95911111,-0.006754673,-0.00651092,8.11E-05,0.986528454,1.823518658,3.608658944,1.757714089,583.9581691,9.732636151,22.85644444,605.7021275,10.09503546,mg O17,SMR,3,2,1,315.5844064,5.259740107,2.175913782,337.3283648,5.622139413,2.25693496,0.752664326,98.00785297
80,UP,LF,Acute,CH8,24,4.81,78,8/25/21,(2021-Aug-25 10:32:39),M89,22.89611111,23,-0.00447163,-0.004425152,7.42E-05,0.975917609,1.178202909,1.039394059,1.165956738,242.4026481,4.040044136,mg O2,8/24/21,(2021-Aug-25 12:36:17),M9,22.97255556,-0.01095003,-0.010875158,0.000111899,0.990769323,2.885157617,0.683759717,2.865430072,595.7235076,9.928725127,22.89611111,630.0729534,10.50121589,mg O18,SMR,3,2,1,353.3208595,5.888680992,2.457578382,387.6703053,6.461171755,2.599282468,0.607193075,76.20787975
81,UP,LF,Acute,CH1,17,5.06,78,8/26/21,(2021-Aug-26 02:41:58),M56,21.05355556,21,-0.003119777,-0.002843032,7.70E-05,0.939569019,0.819203413,8.870660672,0.746534658,147.5364937,2.458941562,mg O2,8/25/21,(2021-Aug-26 10:54:33),M10,21.01111111,-0.005237101,-0.004943658,7.69E-05,0.979140924,1.375178917,5.603147192,1.298125618,256.5465648,4.275776081,21.05355556,477.816637,7.963610617,mg O19,SMR,3,3,1,109.0100711,1.816834518,1.738868522,330.2801433,5.504669055,3.238633541,0.645536041,81.20986935
82,UP,LF,Acute,CH2,18,4.25,78,8/26/21,(2021-Aug-26 08:07:28),M87,21.04133333,21,-0.003969334,-0.003401,9.34E-05,0.937665206,1.053858076,14.3181234,0.902965376,212.4624414,3.54104069,mg O2,8/26/21,(2021-Aug-26 09:41:03),M3,21.033,-0.005686176,-0.005114577,9.46E-05,0.970798163,1.509679837,10.05243521,1.35792025,319.510647,5.325177451,21.04133333,532.0160799,8.866934665,mg O20,SMR,3,3,1,107.0482056,1.78413676,1.503845314,319.5536385,5.325893975,2.504047663,0.663322718,84.25805047
83,UP,LF,Acute,CH3,19,4.99,78,8/26/21,(2021-Aug-26 05:08:58),M70,21.00322222,21,-0.004193948,-0.004133732,8.32E-05,0.965539791,1.102320495,1.435779413,1.086493605,217.7341893,3.628903155,mg O2,8/26/21,(2021-Aug-26 09:41:03),M3,21.033,-0.009517139,-0.009498076,0.00011222,0.987864829,2.501446628,0.200298948,2.496436257,500.287827,8.33813045,21.00322222,567.9352609,9.465587682,mg O21,SMR,3,3,1,282.5536377,4.709227295,2.297699909,350.2010716,5.836684527,2.608388066,0.623155928,78.27205809
84,UP,LF,Acute,CH4,20,4.58,78,8/25/21,(2021-Aug-25 17:46:28),M5,21.05355556,21,-0.003781272,-0.003413741,5.89E-05,0.974478393,0.999435694,9.719780858,0.902292734,197.0071472,3.283452454,mg O2,8/25/21,(2021-Aug-26 10:02:03),M5,21.06777778,-0.006362017,-0.005961823,9.23E-05,0.979340086,1.681557558,6.290376159,1.575781263,344.0570442,5.734284071,21.05355556,586.5832781,9.776387968,mg O22,SMR,3,3,1,147.049897,2.450831617,1.746419097,389.5761309,6.492935515,2.977472069,0.644255085,81.30564108
85,UP,LF,Acute,CH5,21,4.94,78,8/26/21,(2021-Aug-26 08:07:28),M87,21.00866667,21,-0.004288115,-0.003889593,6.92E-05,0.972904018,1.127842901,9.293651339,1.023025114,207.0901041,3.451501736,mg O2,8/26/21,(2021-Aug-26 10:33:33),M8,21.01888889,-0.008935725,-0.008594493,0.000105582,0.98689342,2.350238754,3.81874416,2.260489149,457.5888965,7.626481609,21.00866667,669.4332798,11.15722133,mg O23,SMR,3,3,1,250.4987924,4.174979873,2.209612567,462.3431757,7.705719595,3.232570106,0.638016963,80.13869165
86,UP,LF,Acute,CH6,22,4.99,78,8/26/21,(2021-Aug-26 01:59:58),M52,21.02722222,21,-0.004166923,-0.004025165,7.05E-05,0.973895208,1.095217386,3.401981979,1.057958287,212.0156889,3.533594815,mg O2,8/26/21,(2021-Aug-26 10:23:03),M7,21.02722222,-0.012332554,-0.012187031,0.00012709,0.990520809,3.241439209,1.179991986,3.203190486,641.921941,10.69869902,21.02722222,641.921941,10.69869902,mg O24,MMR,3,3,1,429.9062521,7.165104202,3.027709621,429.9062521,7.165104202,3.027709621,0.638867476,80.15228631
87,UP,LF,Acute,CH7,23,3.01,78,8/26/21,(2021-Aug-26 04:05:58),M64,20.95622222,21,-0.002987235,-0.002888889,5.69E-05,0.966836593,0.806445887,3.292218369,0.779895928,259.1016371,4.318360618,mg O2,8/26/21,(2021-Aug-26 10:23:03),M7,21.02722222,-0.005283278,-0.005046889,6.52E-05,0.985537834,1.426294765,4.474272277,1.362478454,452.6506491,7.544177486,20.95622222,620.1924573,10.33654095,mg O25,SMR,3,3,1,193.549012,3.225816867,1.747000344,361.0908202,6.018180337,2.393626162,0.752664326,98.00785297
88,UP,LF,Acute,CH8,24,4.76,78,8/26/21,(2021-Aug-26 07:56:58),M86,20.97088889,21,-0.003547788,-0.003618893,7.13E-05,0.966467143,0.935424075,-2.004182771,0.954171683,200.4562359,3.340937266,mg O2,8/26/21,(2021-Aug-26 09:30:33),M2,21.01355556,-0.008506845,-0.008606988,0.000125259,0.981703101,2.24294889,-1.177198824,2.269352858,476.7548022,7.94591337,20.97088889,603.7590461,10.06265077,mg O26,SMR,3,3,1,276.2985663,4.604976105,2.378348571,403.3028102,6.721713503,3.01192449,0.607193075,76.20787975
97,LP,BC,Acute,CH1,25,3.88,78,9/1/21,(2021-Sep-01 10:11:40),M72,25.01516667,25,-0.004044461,-0.003731218,4.86E-05,0.980457436,1.079191641,7.744982047,0.995608442,256.6001139,4.276668565,mg O2,9/1/21,(2021-Sep-01 13:22:39),M2,25.01216667,-0.006031101,-0.005689038,5.77E-05,0.988023145,1.61167907,5.671645768,1.520270342,403.2547327,6.720912211,25.00008333,592.9794965,9.882991608,mg O2,SMR,4,1,1,146.6546188,2.444243647,1.571529827,336.3793826,5.606323043,2.310908937,0.620883274,79.36694962
98,LP,BC,Acute,CH2,26,4.19,78,9/1/21,(2021-Sep-01 12:01:40),M82,24.99025,25,-0.005049862,-0.004507999,6.19E-05,0.978431751,1.341829088,10.73024254,1.197847572,285.8824754,4.764707924,mg O2,9/1/21,(2021-Sep-01 14:17:39),M7,24.99475,-0.008519643,-0.008106526,0.000112161,0.977909863,2.267485898,4.848991524,2.157535699,530.1070513,8.835117521,25.05933333,734.6753966,12.24458994,mg O2,SMR,4,1,1,244.2245759,4.070409598,1.85428313,448.7929212,7.47988202,2.56985111,0.660451862,84.24531579
99,LP,BC,Acute,CH3,27,4.56,78,9/1/21,(2021-Sep-01 04:41:40),M42,24.99458333,25,-0.003963946,-0.003617258,3.08E-05,0.991509381,1.048003822,8.746020085,0.956345197,209.7248239,3.495413731,mg O2,9/1/21,(2021-Sep-01 13:44:39),M4,25.0205,-0.010321782,-0.009991488,0.000113628,0.984968122,2.732629966,3.19997767,2.645186417,593.0911249,9.884852081,25.0205,593.0911249,9.884852081,mg O2,MMR,4,1,1,383.366301,6.38943835,2.82794909,383.366301,6.38943835,2.82794909,0.635449049,80.51863216
100,LP,BC,Acute,CH4,28,4.33,78,9/1/21,(2021-Sep-01 10:44:40),M75,24.99033333,25,-0.003842731,-0.003767047,6.19E-05,0.969177362,1.019138399,1.969543827,0.999066021,230.7311827,3.845519712,mg O2,9/1/21,(2021-Sep-01 13:44:39),M4,25.0205,-0.011278172,-0.011241089,5.20E-05,0.997481669,2.996384776,0.328808238,2.986532416,711.0791466,11.85131911,25.0205,711.0791466,11.85131911,mg O2,MMR,4,1,1,480.3479639,8.005799398,3.081851089,480.3479639,8.005799398,3.081851089,0.604280147,76.60047185
101,LP,BC,Acute,CH5,29,3.99,78,9/1/21,(2021-Sep-01 03:24:40),M35,24.90575,25,-0.004750705,-0.004242473,7.00E-05,0.968325914,1.26575874,10.69802162,1.130347596,283.2951369,4.721585614,mg O2,9/1/21,(2021-Sep-01 14:06:39),M6,24.93558333,-0.007859192,-0.007300266,7.57E-05,0.987476124,2.098781391,7.111744405,1.949521423,510.3459223,8.505765371,24.9045,627.8798123,10.46466354,mg O2,SMR,4,1,1,227.0507854,3.784179757,1.801463759,344.5846754,5.743077923,2.216345184,0.599947175,76.36657112
102,LP,BC,Acute,CH6,30,4.2,78,9/1/21,(2021-Sep-01 01:56:40),M27,24.9135,25,-0.006258147,-0.006038417,9.28E-05,0.972913038,1.662664452,3.511101529,1.604286615,381.9730036,6.366216726,mg O2,9/1/21,(2021-Sep-01 16:29:39),M19,24.96775,-0.009616849,-0.009543287,0.000136168,0.976540125,2.559158931,0.764928337,2.539583199,622.4468624,10.37411437,25.006,765.4641191,12.75773532,mg O2,SMR,4,1,1,240.4738588,4.007897647,1.629557211,383.4911155,6.391518592,2.003974396,0.605312352,76.88932902
103,LP,BC,Acute,CH7,31,4.79,78,9/1/21,(2021-Sep-01 11:17:40),M78,24.95191667,25,-0.004911955,-0.004934951,6.69E-05,0.978666031,1.294575092,-0.468173375,1.300635948,271.5315131,4.525525219,mg O2,9/1/21,(2021-Sep-01 14:17:39),M7,24.938,-0.011164123,-0.011110004,7.14E-05,0.995156596,2.944783126,0.484759774,2.930508002,619.5577172,10.32596195,25.006,659.1049628,10.98508271,mg O2,SMR,4,1,1,348.0262041,5.800436735,2.281715703,387.5734497,6.459557495,2.427360844,0.613538562,77.27567247
104,LP,BC,Acute,CH8,32,3.99,78,8/31/21,(2021-Aug-31 23:22:40),M13,24.96883333,25,-0.005293037,-0.005086778,5.39E-05,0.986924247,1.41025571,3.896806992,1.355300767,339.6743777,5.661239628,mg O2,9/1/21,(2021-Sep-01 13:33:39),M3,24.90891667,-0.007800227,-0.007596181,0.000130688,0.966251543,2.082192662,2.615897293,2.027724641,526.6817249,8.778028748,24.93708333,723.4500364,12.05750061,mg O2,SMR,4,1,1,187.0073472,3.11678912,1.550548877,383.7756587,6.396260978,2.129833994,0.616267435,78.64261853
105,LP,BC,Acute,CH1,25,3.77,78,9/2/21,(2021-Sep-02 04:07:45),M50,22.92216667,23,-0.003386678,-0.003050676,3.69E-05,0.983239831,0.905015082,9.921287534,0.815225933,216.2403006,3.604005011,mg O2,9/2/21,(2021-Sep-02 11:10:26),M1,22.96433333,-0.007066927,-0.006722751,7.42E-05,0.985827552,1.890515953,4.870231112,1.798443457,487.3830508,8.123050846,22.97533333,577.1514446,9.619190744,mg O2,SMR,4,2,1,271.1427502,4.519045837,2.253895548,360.911144,6.015185733,2.669028127,0.620883274,79.36694962
106,LP,BC,Acute,CH2,26,4.07,78,9/2/21,(2021-Sep-02 03:12:45),M45,22.96966667,23,-0.00448246,-0.004038212,6.81E-05,0.967471616,1.192997882,9.910817235,1.074762043,264.069298,4.401154966,mg O2,9/2/21,(2021-Sep-02 11:21:26),M2,22.90541667,-0.008411722,-0.008030618,7.62E-05,0.98948198,2.236643128,4.530620096,2.135309325,515.7751993,8.596253322,22.94466667,727.2734618,12.12122436,mg O2,SMR,4,2,1,251.7059013,4.195098355,1.953181241,463.2041638,7.720069397,2.754100788,0.660451862,84.24531579
107,LP,BC,Acute,CH3,27,4.46,78,9/2/21,(2021-Sep-02 02:39:45),M42,23.01583333,23,-0.003398068,-0.003051381,4.40E-05,0.976033148,0.899618115,10.20248823,0.807834682,181.1288526,3.018814209,mg O2,9/2/21,(2021-Sep-02 11:43:26),M4,22.88175,-0.008121563,-0.007790851,9.87E-05,0.981397396,2.155105559,4.07202275,2.06734917,481.8995734,8.031659557,22.94666667,582.5460052,9.709100087,mg O2,SMR,4,2,1,300.7707208,5.012845347,2.660534567,401.4171526,6.690285877,3.216196629,0.635449049,80.51863216
108,LP,BC,Acute,CH4,28,4.2,78,9/2/21,(2021-Sep-02 10:54:45),M87,22.96941667,23,-0.00381262,-0.003699719,6.38E-05,0.966621244,1.012936999,2.961246859,0.982941434,234.0336747,3.900561245,mg O2,9/2/21,(2021-Sep-02 11:43:26),M4,22.88175,-0.010804083,-0.010766721,9.09E-05,0.99166246,2.872762375,0.345815605,2.862827914,691.5043271,11.52507212,22.88175,691.5043271,11.52507212,mg O2,MMR,4,2,1,457.4706524,7.624510873,2.954721486,457.4706524,7.624510873,2.954721486,0.604280147,76.60047185
109,LP,BC,Acute,CH5,29,3.82,78,9/2/21,(2021-Sep-02 03:23:45),M46,22.85858333,23,-0.003731438,-0.003201293,5.74E-05,0.963415133,0.996472995,14.20753163,0.854898779,223.7954919,3.729924865,mg O2,9/2/21,(2021-Sep-02 11:54:26),M5,22.9275,-0.00778171,-0.007218981,8.64E-05,0.983377966,2.07837036,7.231437758,1.928074301,506.056247,8.434270784,22.90858333,747.8116096,12.46352683,mg O2,SMR,4,2,1,282.2607551,4.704345918,2.261244151,524.0161177,8.733601962,3.341495413,0.599947175,76.36657112
110,LP,BC,Acute,CH6,30,4.08,78,9/2/21,(2021-Sep-02 00:38:45),M31,22.8455,23,-0.005160167,-0.004965338,5.77E-05,0.984274363,1.373182251,3.775635266,1.321335898,323.8568377,5.397613961,mg O2,9/2/21,(2021-Sep-02 12:38:26),M9,23.03175,-0.008076295,-0.007899166,7.88E-05,0.988384709,2.152688005,2.193192733,2.105475408,531.6857091,8.861428485,22.86766667,711.6871877,11.86145313,mg O2,SMR,4,2,1,207.8288714,3.463814523,1.641730688,387.83035,6.463839167,2.197536395,0.605312352,76.88932902
111,LP,BC,Acute,CH7,31,4.73,78,9/2/21,(2021-Sep-02 02:17:45),M40,22.90791667,23,-0.003608169,-0.003626272,4.95E-05,0.978642197,0.951734002,-0.501727809,0.956509116,202.2218005,3.370363342,mg O2,9/2/21,(2021-Sep-02 12:16:26),M7,22.98566667,-0.00968952,-0.009637553,3.98E-05,0.997996585,2.55896346,0.536324716,2.545239106,548.5429108,9.142381847,22.88408333,744.1950567,12.40325094,mg O2,SMR,4,2,1,346.3211103,5.772018505,2.712580491,541.9732562,9.032887603,3.68009312,0.613538562,77.27567247
112,LP,BC,Acute,CH8,32,3.85,78,9/2/21,(2021-Sep-02 09:26:45),M79,22.862,23,-0.003729522,-0.003517086,4.44E-05,0.981543069,0.995558499,5.696053941,0.93885095,243.8573895,4.064289825,mg O2,9/2/21,(2021-Sep-02 12:27:26),M8,22.93958333,-0.009567874,-0.009361314,5.61E-05,0.995773108,2.560592771,2.158892436,2.505312327,684.5115648,11.40852608,22.93958333,684.5115648,11.40852608,mg O2,MMR,4,2,1,440.6541753,7.344236255,2.80701588,440.6541753,7.344236255,2.80701588,0.616267435,78.64261853
113,LP,BC,Acute,CH1,25,3.69,78,9/3/21,(2021-Sep-03 03:10:56),M51,20.98005556,21,-0.002567793,-0.002251721,2.56E-05,0.977540317,0.686925831,12.30908877,0.60237152,163.2443145,2.720738575,mg O2,9/3/21,(2021-Sep-03 09:12:16),M1,20.99377778,-0.009090052,-0.008745986,5.44E-05,0.993172842,2.434352188,3.785073535,2.342210167,648.8116807,10.81352801,20.99377778,648.8116807,10.81352801,mg O2,MMR,4,3,1,485.5673662,8.092789437,3.974482558,485.5673662,8.092789437,3.974482558,0.620883274,79.36694962
114,LP,BC,Acute,CH2,26,4.14,78,9/3/21,(2021-Sep-03 00:46:56),M39,20.99544444,21,-0.003473402,-0.003031684,4.00E-05,0.969966185,0.923563682,12.71714241,0.806112773,194.7132303,3.245220505,mg O2,9/3/21,(2021-Sep-03 09:24:16),M2,20.97405556,-0.00865934,-0.008277613,4.55E-05,0.994647725,2.306224775,4.40827037,2.204560152,548.3980476,9.139967461,20.97405556,548.3980476,9.139967461,mg O2,MMR,4,3,1,353.6848173,5.894746955,2.816439575,353.6848173,5.894746955,2.816439575,0.660451862,84.24531579
115,LP,BC,Acute,CH3,27,4.29,78,9/2/21,(2021-Sep-02 21:22:56),M22,21.03688889,21,-0.002877029,-0.002511276,2.24E-05,0.986367001,0.763436926,12.71286375,0.66638223,155.3338531,2.588897551,mg O2,9/3/21,(2021-Sep-03 09:36:16),M3,21.01061111,-0.011050278,-0.010721617,6.18E-05,0.994124927,2.933450889,2.974232291,2.846203245,668.1228276,11.13538046,21.01061111,668.1228276,11.13538046,mg O2,MMR,4,3,1,512.7889745,8.546482908,4.301205528,512.7889745,8.546482908,4.301205528,0.635449049,80.51863216
116,LP,BC,Acute,CH4,28,4.14,78,9/3/21,(2021-Sep-03 03:22:56),M52,20.99994444,21,-0.003264526,-0.003206759,3.13E-05,0.983298007,0.868024368,1.769527096,0.852664441,205.9575945,3.432626576,mg O2,9/3/21,(2021-Sep-03 09:48:16),M4,21.00683333,-0.008160169,-0.008122499,5.93E-05,0.990590703,2.173281501,0.461630011,2.163248981,538.1216372,8.968693953,21.00683333,538.1216372,8.968693953,mg O2,MMR,4,3,1,332.1640427,5.536067378,2.612778803,332.1640427,5.536067378,2.612778803,0.604280147,76.60047185
117,LP,BC,Acute,CH5,29,3.81,78,9/3/21,(2021-Sep-03 06:10:56),M66,20.93227778,21,-0.003467961,-0.002956467,2.66E-05,0.985931619,0.926236971,14.74913966,0.789624987,207.2506527,3.454177544,mg O2,9/3/21,(2021-Sep-03 10:00:16),M5,20.98211111,-0.007241559,-0.006680058,5.98E-05,0.985923435,1.935408062,7.753874048,1.785338959,474.8241912,7.91373652,20.94083333,489.3845607,8.156409345,mg O2,SMR,4,3,1,267.5735385,4.459558975,2.291062465,282.133908,4.7022318,2.361317344,0.599947175,76.36657112
118,LP,BC,Acute,CH6,30,3.96,78,9/3/21,(2021-Sep-03 08:58:56),M80,20.92177778,21,-0.002956608,-0.002904274,3.98E-05,0.967691667,0.788066125,1.770080823,0.774116718,195.4840196,3.258066993,mg O2,9/3/21,(2021-Sep-03 10:12:16),M6,20.94422222,-0.008610557,-0.008380835,6.39E-05,0.989769654,2.296952256,2.667916272,2.235671493,573.2491009,9.554151681,20.94422222,573.2491009,9.554151681,mg O2,MMR,4,3,1,377.7650813,6.296084688,2.932460168,377.7650813,6.296084688,2.932460168,0.605312352,76.88932902
119,LP,BC,Acute,CH7,31,4.64,78,9/3/21,(2021-Sep-03 02:58:56),M50,20.95061111,21,-0.003503227,-0.003524842,2.66E-05,0.98997035,0.925188257,-0.616990881,0.930896584,200.6242638,3.34373773,mg O2,9/3/21,(2021-Sep-03 10:24:16),M7,20.93911111,-0.010710797,-0.010661089,5.63E-05,0.995058707,2.828678755,0.46409719,2.815550937,606.7997708,10.11332951,20.93227778,661.3418348,11.02236391,mg O2,SMR,4,3,1,406.175507,6.769591783,3.024558243,460.717571,7.678626183,3.296419996,0.613538562,77.27567247
120,LP,BC,Acute,CH8,32,3.66,78,9/3/21,(2021-Sep-03 06:58:56),M70,20.94433333,21,-0.003160333,-0.00291319,3.87E-05,0.97026108,0.845781052,7.820160592,0.779639616,213.0162885,3.550271475,mg O2,9/3/21,(2021-Sep-03 10:36:16),M8,20.91788889,-0.007201804,-0.006995056,5.21E-05,0.99023752,1.926338464,2.870781233,1.871037501,505.6858111,8.428096852,20.97483333,534.1674299,8.902790498,mg O2,SMR,4,3,1,292.6695226,4.877825377,2.37393025,321.1511414,5.352519023,2.507636546,0.616267435,78.64261853
129,LP,DB,Acute,CH1,33,4.37,78,,(2021-Sep-07 12:10:08),M83,21.03366667,21,-0.003749035,-0.003808428,6.34E-05,0.968129845,0.993749259,-1.584222173,1.009492455,231.0051384,3.850085639,mg O2,,(2021-Sep-07 13:14:42),M1,21.05875,-0.008967107,-0.009383424,8.18E-05,0.991113395,2.383349444,-4.642712414,2.494001505,598.0818957,9.968031594,21.05875,598.0818957,9.968031594,mg O2,MMR,5,1,1,367.0767573,6.117945955,2.589041525,367.0767573,6.117945955,2.589041525,0.612497652,77.64214898
130,LP,DB,Acute,CH2,34,4.91,78,,(2021-Sep-07 09:03:08),M66,21.03425,21,-0.004560011,-0.004498753,6.07E-05,0.978936853,1.199848235,1.343360121,1.183729952,241.08553,4.018092166,mg O2,,(2021-Sep-07 13:25:42),M2,21.01208333,-0.011496296,-0.011144444,0.00012051,0.986389856,3.024123664,3.060569796,2.931568248,594.6385899,9.910643165,21.04,641.8910488,10.69818415,mg O2,SMR,5,1,1,353.5530599,5.892550999,2.466504688,400.8055188,6.680091981,2.662503423,0.63131832,79.39014283
131,LP,DB,Acute,CH3,35,5.24,78,,(2021-Sep-07 09:25:08),M68,21.04058333,21,-0.004846023,-0.004765072,4.28E-05,0.990544891,1.269348005,1.670465444,1.248143985,238.195417,3.969923616,mg O2,,(2021-Sep-07 13:47:42),M4,21.04308333,-0.007705017,-0.007346885,6.11E-05,0.99190562,2.027097615,4.648043856,1.932877229,392.8612253,6.547687088,21.02116667,577.7314811,9.628858019,mg O2,SMR,5,1,1,154.6658084,2.577763473,1.649323192,339.5360642,5.658934403,2.425451709,0.640427942,80.63061209
132,LP,DB,Acute,CH4,36,4.86,78,,(2021-Sep-07 10:53:08),M76,21.03508333,21,-0.00453315,-0.004500934,4.00E-05,0.990757932,1.193596629,0.710676628,1.185114017,243.8506207,4.064177012,mg O2,,(2021-Sep-07 13:36:42),M3,20.995,-0.009808367,-0.010011644,7.81E-05,0.992861765,2.588938191,-2.072485201,2.642593552,564.6567419,9.410945698,20.995,564.6567419,9.410945698,mg O2,MMR,5,1,1,320.8061211,5.346768686,2.315584599,320.8061211,5.346768686,2.315584599,0.681701175,86.45000637
133,LP,DB,Acute,CH5,37,4.92,78,,(2021-Sep-07 11:59:08),M82,21.00475,21,-0.004291249,-0.004166351,5.43E-05,0.980349198,1.128976113,2.91051793,1.096117061,222.7880206,3.713133676,mg O2,,(2021-Sep-07 13:58:42),M5,21.01808333,-0.009166922,-0.008877257,4.02E-05,0.997588663,2.420947479,3.159891129,2.344448174,505.2690031,8.421150051,21.04008333,608.0213007,10.13368834,mg O2,SMR,5,1,1,282.4809825,4.708016375,2.267936138,385.2332801,6.420554668,2.729147191,0.632464958,79.88159491
134,LP,DB,Acute,CH6,38,4.62,78,,(2021-Sep-07 07:02:08),M55,21.00508333,21,-0.003722609,-0.003516309,4.46E-05,0.981391044,0.983394049,5.541804879,0.92889627,201.0597986,3.350996644,mg O2,,(2021-Sep-07 14:20:42),M7,20.9835,-0.007299221,-0.007080402,4.58E-05,0.99508948,1.931899374,2.997840719,1.873984108,418.3000241,6.971667068,21.01408333,597.3200916,9.95533486,mg O2,SMR,5,1,1,217.2402254,3.620670424,2.080475694,396.260293,6.604338216,2.970857902,0.649440587,82.29151948
135,LP,DB,Acute,CH7,39,4.78,78,,(2021-Sep-07 02:38:08),M31,20.98841667,21,-0.004431297,-0.004203334,4.59E-05,0.986018708,1.168054567,5.14439308,1.107965249,231.7918931,3.863198218,mg O2,,(2021-Sep-07 14:09:42),M6,21.04341667,-0.010472849,-0.010715523,0.000181536,0.967242175,2.76847663,-2.317170108,2.832626942,619.8308408,10.33051401,21.06441667,651.2133462,10.85355577,mg O2,SMR,5,1,1,388.0389478,6.467315796,2.674083345,419.4214532,6.990357553,2.809474213,0.64485105,81.57727804
136,LP,DB,Acute,CH8,40,3.76,78,,(2021-Sep-07 11:26:08),M79,21.03225,21,-0.003428205,-0.003318388,3.43E-05,0.987581025,0.916235746,3.203320446,0.886885779,235.8738774,3.93123129,mg O2,,(2021-Sep-07 14:31:42),M8,21.03466667,-0.007558821,-0.00734129,5.73E-05,0.992869286,2.024826853,2.877842366,1.966555528,547.7870551,9.129784252,21.0115,573.4752178,9.557920296,mg O2,SMR,5,1,1,311.9131777,5.198552962,2.322372707,337.6013404,5.626689006,2.431279055,0.604607998,77.31966514
137,LP,DB,Acute,CH1,33,4.02,78,,(2021-Sep-08 04:03:48),M50,23.06108333,23,-0.004042566,-0.003919911,6.73E-05,0.966385507,1.074465522,3.034076446,1.041865416,249.8478216,4.164130361,mg O2,,(2021-Sep-08 11:44:13),M3,23.036,-0.007722432,-0.008052662,7.56E-05,0.989706775,2.051139715,-4.276244101,2.138851456,506.836838,8.447280633,23.039,565.3971255,9.423285426,mg O2,SMR,5,2,1,256.9890163,4.283150272,2.028582177,315.5493039,5.259155065,2.262966,0.612497652,77.64214898
138,LP,DB,Acute,CH2,34,4.56,78,,(2021-Sep-08 05:53:48),M60,23.07925,23,-0.005336552,-0.005261645,7.08E-05,0.979107114,1.403790675,1.403654427,1.384086305,280.7477293,4.679128821,mg O2,,(2021-Sep-08 11:44:13),M3,23.036,-0.010418674,-0.010725238,5.45E-05,0.996966427,2.751530036,-2.942450847,2.832492455,610.4509601,10.17418267,23.036,610.4509601,10.17418267,mg O2,MMR,5,2,1,329.7032308,5.495053847,2.174375414,329.7032308,5.495053847,2.174375414,0.63131832,79.39014283
139,LP,DB,Acute,CH3,35,4.75,78,,(2021-Sep-07 23:39:48),M26,23.02233333,23,-0.005265853,-0.004993579,3.96E-05,0.992624434,1.385382631,5.170552474,1.313750695,267.0224989,4.450374982,mg O2,,(2021-Sep-08 11:55:13),M4,23.02558333,-0.009638594,-0.00928799,4.06E-05,0.997755163,2.538574389,3.637501521,2.446233707,505.4201875,8.423669792,23.02558333,505.4201875,8.423669792,mg O2,MMR,5,2,1,238.3976886,3.973294809,1.892800006,238.3976886,3.973294809,1.892800006,0.640427942,80.63061209
140,LP,DB,Acute,CH4,36,4.51,78,,(2021-Sep-07 20:21:48),M8,23.07616667,23,-0.004934567,-0.004708051,4.85E-05,0.987610077,1.302488761,4.590381937,1.242699552,265.5340923,4.425568204,mg O2,,(2021-Sep-08 12:06:13),M5,23.01066667,-0.009507431,-0.009665229,0.000111471,0.98454675,2.513954923,-1.659731539,2.555679825,561.6878737,9.361464562,23.01066667,561.6878737,9.361464562,mg O2,MMR,5,2,1,296.1537815,4.935896358,2.115313589,296.1537815,4.935896358,2.115313589,0.681701175,86.45000637
141,LP,DB,Acute,CH5,37,4.36,78,,(2021-Sep-08 08:38:48),M75,22.96141667,23,-0.004674188,-0.00453839,4.71E-05,0.987446117,1.234434324,2.905272486,1.198570643,258.3126386,4.305210643,mg O2,,(2021-Sep-08 12:06:13),M5,22.94783333,-0.010854366,-0.01056842,8.22E-05,0.992904723,2.867376225,2.634384637,2.791838506,604.2940489,10.07156748,22.94783333,604.2940489,10.07156748,mg O2,MMR,5,2,1,345.9814103,5.766356839,2.339390176,345.9814103,5.766356839,2.339390176,0.632464958,79.88159491
142,LP,DB,Acute,CH6,38,4.38,78,,(2021-Sep-08 08:27:48),M74,22.98491667,23,-0.004381421,-0.004181253,4.60E-05,0.985892941,1.159639497,4.568560204,1.106660668,247.0224706,4.117041177,mg O2,,(2021-Sep-08 12:28:13),M7,22.98108333,-0.009424591,-0.009206332,4.43E-05,0.99727128,2.496461035,2.315849809,2.438646747,551.7300332,9.195500554,22.98108333,551.7300332,9.195500554,mg O2,MMR,5,2,1,304.7075626,5.078459377,2.233521638,304.7075626,5.078459377,2.233521638,0.649440587,82.29151948
143,LP,DB,Acute,CH7,39,4.41,78,,(2021-Sep-08 04:03:48),M50,23.0005,23,-0.004443828,-0.004683241,4.26E-05,0.990332724,1.174717109,-5.387537224,1.23800543,270.8983436,4.514972393,mg O2,,(2021-Sep-08 13:23:13),M12,22.99625,-0.006901962,-0.007138653,6.15E-05,0.99132824,1.825762102,-3.429340307,1.888373697,417.7817915,6.963029858,22.96758333,599.9183038,9.998638397,mg O2,SMR,5,2,1,146.8834479,2.448057465,1.542208734,329.0199602,5.483666003,2.214551392,0.64485105,81.57727804
144,LP,DB,Acute,CH8,40,3.48,78,,(2021-Sep-08 09:11:48),M78,22.973,23,-0.004412666,-0.004309304,4.09E-05,0.989459215,1.182047268,2.342389845,1.154359113,321.5484995,5.359141658,mg O2,,(2021-Sep-08 12:39:13),M8,22.95408333,-0.009305337,-0.009092574,6.49E-05,0.994023234,2.494016435,2.286464887,2.436991625,686.4765141,11.44127523,22.98658333,703.9104585,11.73184098,mg O2,SMR,5,2,1,364.9280146,6.082133577,2.134908156,382.361959,6.372699317,2.189126865,0.604607998,77.31966514
145,LP,DB,Acute,CH1,33,4.17,78,,(2021-Sep-09 01:27:10),M46,24.98616667,25,-0.004657834,-0.004528175,7.16E-05,0.971310583,1.237158068,2.783680489,1.202719541,285.0046305,4.750077175,mg O2,,(2021-Sep-09 09:22:55),M2,24.92633333,-0.009386164,-0.009012506,7.26E-05,0.992403461,2.499798265,3.980941621,2.400282756,597.0852626,9.951421044,24.99983333,747.8847416,12.46474569,mg O2,SMR,5,3,1,312.0806321,5.201343869,2.095001971,462.8801111,7.714668518,2.624114353,0.612497652,77.64214898
146,LP,DB,Acute,CH2,34,4.93,78,,(2021-Sep-09 04:01:10),M60,25.049,25,-0.005670061,-0.005596661,4.54E-05,0.992288183,1.497440477,1.29451978,1.478055814,318.5465117,5.309108528,mg O2,,(2021-Sep-09 09:22:55),M2,24.92633333,-0.012961445,-0.012609592,6.23E-05,0.997131312,3.42679856,2.714606093,3.333774478,731.0908942,12.18484824,24.92633333,731.0908942,12.18484824,mg O2,MMR,5,3,1,412.5443825,6.875739709,2.295083661,412.5443825,6.875739709,2.295083661,0.63131832,79.39014283
147,LP,DB,Acute,CH3,35,4.92,78,,(2021-Sep-09 08:14:13),M83,25.04158333,25,-0.00534978,-0.005417638,5.87E-05,0.986264305,1.409003762,-1.268421978,1.426875876,294.8090652,4.91348442,mg O2,,(2021-Sep-09 09:44:55),M4,24.91341667,-0.01138602,-0.011027887,3.37E-05,0.998897011,3.0024934,3.14537122,2.908053837,612.2218604,10.20369767,24.91341667,612.2218604,10.20369767,mg O2,MMR,5,3,1,317.4127952,5.290213253,2.076672439,317.4127952,5.290213253,2.076672439,0.640427942,80.63061209
148,LP,DB,Acute,CH4,36,4.68,78,,(2021-Sep-09 07:08:11),M77,25.00916667,25,-0.005236836,-0.005282581,3.85E-05,0.993748527,1.384724226,-0.873525886,1.396820151,306.9934398,5.11655733,mg O2,,(2021-Sep-09 09:55:55),M5,25.02583333,-0.01138912,-0.011551227,4.35E-05,0.99832793,3.013151271,-1.423349664,3.05603895,677.6139578,11.29356596,25.02583333,677.6139578,11.29356596,mg O2,MMR,5,3,1,370.620518,6.177008634,2.207258755,370.620518,6.177008634,2.207258755,0.681701175,86.45000637
149,LP,DB,Acute,CH5,37,4.64,78,,(2021-Sep-09 05:40:10),M69,24.96883333,25,-0.005370645,-0.005223488,4.30E-05,0.992055128,1.418752535,2.740019531,1.379878438,298.6749867,4.977916444,mg O2,,(2021-Sep-09 09:55:55),M5,24.9555,-0.010959581,-0.010669916,5.24E-05,0.997158069,2.905428765,2.643027687,2.828637479,648.7700639,10.8128344,24.90808333,758.1747576,12.63624596,mg O2,SMR,5,3,1,350.0950772,5.834917954,2.172160686,459.4997709,7.658329515,2.53846084,0.632464958,79.88159491
150,LP,DB,Acute,CH6,38,4.48,78,,(2021-Sep-08 20:30:10),M19,24.91933333,25,-0.005281107,-0.00505908,3.58E-05,0.994121074,1.398901938,4.204182109,1.340089553,303.1876816,5.053128027,mg O2,,(2021-Sep-09 10:17:55),M7,24.92708333,-0.010107435,-0.009888616,9.46E-05,0.989319505,2.678793789,2.16493114,2.620799749,598.356107,9.972601783,24.92708333,598.356107,9.972601783,mg O2,MMR,5,3,1,295.1684254,4.919473756,1.973550191,295.1684254,4.919473756,1.973550191,0.649440587,82.29151948
151,LP,DB,Acute,CH7,39,4.57,78,,(2021-Sep-09 08:36:13),M85,24.96616667,25,-0.005064032,-0.004837653,5.54E-05,0.98476033,1.339578163,4.470326122,1.279694651,283.1182855,4.718638092,mg O2,,(2021-Sep-09 10:28:55),M8,24.8985,-0.011476983,-0.01171782,0.000124077,0.986942505,3.040528196,-2.098437322,3.104331775,703.9301077,11.73216846,24.8985,703.9301077,11.73216846,mg O2,MMR,5,3,1,420.8118222,7.013530369,2.486346321,420.8118222,7.013530369,2.486346321,0.64485105,81.57727804
152,LP,DB,Acute,CH8,40,3.59,78,,(2021-Sep-09 07:41:13),M80,24.91366667,25,-0.004853095,-0.004742915,4.44E-05,0.989784169,1.300726584,2.270298538,1.271196207,358.0834387,5.968057311,mg O2,,(2021-Sep-09 10:28:55),M8,24.8985,-0.008666423,-0.008448892,4.99E-05,0.995897374,2.324958737,2.51004314,2.26660127,651.322204,10.85537007,24.90983333,746.4716971,12.44119495,mg O2,SMR,5,3,1,293.2387654,4.887312756,1.818911834,388.3882584,6.47313764,2.08463061,0.604607998,77.31966514
161,LP,DB,Acute,CH1,41,2.79,78,,(2021-Sep-15 08:53:34),M65,25.08408333,25,-0.002949803,-0.002826741,4.07E-05,0.976140207,0.798676837,4.171874728,0.76535704,274.3215198,4.57202533,mg O2,,(2021-Sep-15 13:09:35),M1,25.07558333,-0.007311801,-0.007242727,4.59E-05,0.995284516,1.980766973,0.944695661,1.962054754,713.4744559,11.89124093,25.01725,809.9514734,13.49919122,mg O2,SMR,6,1,1,439.1529361,7.319215602,2.600869434,535.6299536,8.927165893,2.95256265,,
162,LP,DB,Acute,CH2,42,2.97,78,,(2021-Sep-15 01:55:34),M27,25.07458333,25,-0.002972591,-0.002890412,5.00E-05,0.965878192,0.802920607,2.764572453,0.780723285,262.8697931,4.381163218,mg O2,,(2021-Sep-15 13:20:35),M2,25.0655,-0.007195603,-0.007128434,9.74E-05,0.978463409,1.947216553,0.933471617,1.929039839,681.639519,11.36065865,25.01725,741.5391047,12.35898508,mg O2,SMR,6,1,1,418.7697259,6.979495432,2.593069029,478.6693117,7.977821861,2.820936921,,
163,LP,DB,Acute,CH3,43,3.27,78,,(2021-Sep-15 09:15:34),M67,25.08208333,25,-0.002642836,-0.002535255,4.88E-05,0.958089947,0.710997016,4.070694506,0.682054499,208.5793576,3.476322627,mg O2,,(2021-Sep-15 13:31:35),M3,25.0425,-0.007993945,-0.007930611,5.86E-05,0.993599293,2.154911747,0.792276617,2.137838885,685.2047708,11.42007951,25.0425,685.2047708,11.42007951,mg O2,MMR,6,1,1,476.6254132,7.943756887,3.285103467,476.6254132,7.943756887,3.285103467,,
164,LP,DB,Acute,CH4,44,4.44,78,,(2021-Sep-15 04:18:34),M40,25.0795,25,-0.005477569,-0.00539158,3.90E-05,0.993860476,1.450547804,1.569827607,1.427776704,321.5713297,5.359522162,mg O2,,(2021-Sep-15 13:42:35),M4,25.01833333,-0.010423893,-0.010356124,5.97E-05,0.996093335,2.767168248,0.650128381,2.749178102,645.3469723,10.75578287,25.102,646.1597697,10.7693295,mg O2,SMR,6,1,1,323.7756426,5.39626071,2.006854818,324.58844,5.409807333,2.009382398,,
165,LP,DB,Acute,CH5,45,2.72,78,,(2021-Sep-15 00:27:34),M19,24.96808333,25,-0.002772565,-0.002707057,4.29E-05,0.971260187,0.751387408,2.362721841,0.733634214,269.718461,4.495307684,mg O2,,(2021-Sep-15 13:53:35),M5,24.945,-0.00766334,-0.007597441,4.22E-05,0.996380438,2.080412834,0.859926717,2.062522808,796.3408527,13.27234754,24.945,796.3408527,13.27234754,mg O2,MMR,6,1,1,526.6223917,8.777039861,2.952489235,526.6223917,8.777039861,2.952489235,,
166,LP,DB,Acute,CH6,46,3.07,78,,(2021-Sep-15 09:37:34),M69,24.99275,25,-0.002946434,-0.002828903,3.92E-05,0.977805142,0.794794768,3.988919274,0.763091046,248.5638588,4.142730979,mg O2,,(2021-Sep-15 14:04:35),M6,24.97266667,-0.008742729,-0.008673741,5.23E-05,0.995732266,2.363054742,0.789088095,2.344408158,802.8795062,13.3813251,24.97266667,802.8795062,13.3813251,mg O2,MMR,6,1,1,554.3156475,9.238594124,3.230073391,554.3156475,9.238594124,3.230073391,,
167,LP,DB,Acute,CH7,47,5.23,78,,(2021-Sep-15 11:49:34),M81,24.9425,25,-0.005069909,-0.004933243,3.59E-05,0.993805881,1.328174319,2.695630619,1.292371646,247.1073892,4.118456487,mg O2,,(2021-Sep-15 14:15:35),M7,24.98483333,-0.010448184,-0.010379342,8.59E-05,0.991983501,2.747663483,0.658890627,2.729559386,551.4261386,9.190435644,24.96525,712.6558309,11.87759718,mg O2,SMR,6,1,1,304.3187494,5.071979157,2.23152428,465.5484417,7.759140695,2.883992394,,
168,LP,DB,Acute,CH8,48,5.26,78,,(2021-Sep-15 04:29:34),M41,25.00533333,25,-0.005805027,-0.005730287,4.40E-05,0.993100266,1.520127662,1.287505555,1.500555934,285.2767936,4.754613226,mg O2,,(2021-Sep-15 14:37:35),M9,24.93758333,-0.011549248,-0.011480755,0.000105957,0.99004927,3.038052906,0.593057236,3.020035513,612.5832684,10.20972114,24.94075,659.0862173,10.98477029,mg O2,SMR,6,1,1,327.3064748,5.455107913,2.147329479,373.8094237,6.230157062,2.310339404,,
169,LP,DB,Acute,CH1,41,2.75,78,,(2021-Sep-16 10:07:12),M76,23.12272222,23,-0.002564893,-0.002413059,2.18E-05,0.985794679,0.694829447,5.919692181,0.653697683,237.7082483,3.961804139,mg O2,,(2021-Sep-16 11:11:59),M1,23.01461111,-0.007219315,-0.007150003,3.23E-05,0.996374912,1.95779164,0.960095128,1.938994978,726.2153476,12.10358913,23.01461111,726.2153476,12.10358913,mg O2,MMR,6,2,1,488.5070993,8.141784988,3.055070039,488.5070993,8.141784988,3.055070039,,
170,LP,DB,Acute,CH2,42,2.83,78,,(2021-Sep-16 09:43:12),M74,23.11144444,23,-0.002486345,-0.002332923,3.73E-05,0.956623666,0.672834882,6.170582135,0.631317053,223.0802308,3.718003846,mg O2,,(2021-Sep-16 11:23:59),M2,22.98138889,-0.00786359,-0.007795871,4.43E-05,0.994293285,2.128548095,0.861178668,2.110217493,750.9670794,12.51611799,22.98138889,750.9670794,12.51611799,mg O2,MMR,6,2,1,527.8868487,8.798114144,3.366354234,527.8868487,8.798114144,3.366354234,,
171,LP,DB,Acute,CH3,43,3.12,78,,(2021-Sep-16 04:43:12),M49,23.16811111,23,-0.002566502,-0.002472778,2.45E-05,0.982854925,0.69184684,3.651812594,0.66658189,213.6480418,3.560800697,mg O2,,(2021-Sep-16 11:35:59),M3,22.9585,-0.007850501,-0.007786509,4.11E-05,0.995056057,2.118504724,0.815126974,2.101236221,691.1961252,11.51993542,22.9585,691.1961252,11.51993542,mg O2,MMR,6,2,1,477.5480834,7.959134724,3.235209269,477.5480834,7.959134724,3.235209269,,
172,LP,DB,Acute,CH4,44,4.26,78,,(2021-Sep-16 04:31:12),M48,23.16661111,23,-0.004406124,-0.004303795,1.96E-05,0.996340226,1.169667298,2.322432823,1.142502561,268.1930895,4.469884824,mg O2,,(2021-Sep-16 11:47:59),M4,23.00155556,-0.010235053,-0.010166181,3.02E-05,0.998435875,2.719617443,0.672909474,2.70131688,644.7056992,10.74509499,23.00155556,644.7056992,10.74509499,mg O2,MMR,6,2,1,376.5126097,6.275210162,2.403886321,376.5126097,6.275210162,2.403886321,,
173,LP,DB,Acute,CH5,45,2.59,78,,(2021-Sep-16 07:43:12),M64,23.05133333,23,-0.002281045,-0.002158293,2.65E-05,0.973919953,0.619248886,5.381394673,0.585924659,226.2257371,3.770428951,mg O2,,(2021-Sep-16 11:59:59),M5,22.90383333,-0.006663428,-0.006596044,2.17E-05,0.998069001,1.811359547,1.011241986,1.793042319,720.0973167,12.00162194,22.90383333,720.0973167,12.00162194,mg O2,MMR,6,2,1,493.8715796,8.231192993,3.183091924,493.8715796,8.231192993,3.183091924,,
174,LP,DB,Acute,CH6,46,2.92,78,,(2021-Sep-16 05:43:12),M54,23.03722222,23,-0.002488125,-0.00238263,2.31E-05,0.98348128,0.672510264,4.239913113,0.643996414,220.546717,3.675778616,mg O2,,(2021-Sep-16 12:11:59),M6,22.88477778,-0.008488163,-0.008417368,2.36E-05,0.998598004,2.296998636,0.834040134,2.277840746,804.8907228,13.41484538,22.88477778,804.8907228,13.41484538,mg O2,MMR,6,2,1,584.3440059,9.739066764,3.649524844,584.3440059,9.739066764,3.649524844,,
175,LP,DB,Acute,CH7,47,4.95,78,,(2021-Sep-16 09:07:12),M71,23.05644444,23,-0.003941837,-0.003807952,3.41E-05,0.985981052,1.036624315,3.396510735,1.001415259,202.3061129,3.371768549,mg O2,,(2021-Sep-16 12:35:59),M8,22.91794444,-0.00956354,-0.009488571,5.61E-05,0.993808709,2.517085413,0.783905466,2.497353843,510.7063074,8.511771791,22.91794444,510.7063074,8.511771791,mg O2,MMR,6,2,1,308.4001945,5.140003242,2.524423509,308.4001945,5.140003242,2.524423509,,
176,LP,DB,Acute,CH8,48,4.93,78,,(2021-Sep-16 05:19:12),M52,23.02327778,23,-0.004580081,-0.004487424,2.36E-05,0.995113211,1.204799338,2.023032338,1.180425858,239.4372937,3.990621562,mg O2,,(2021-Sep-16 12:35:59),M8,22.91794444,-0.01095377,-0.0108861,3.18E-05,0.998482536,2.885354368,0.617770832,2.86752949,593.6914058,9.894856763,22.91794444,593.6914058,9.894856763,mg O2,MMR,6,2,1,354.2541121,5.904235201,2.479527715,354.2541121,5.904235201,2.479527715,,
177,LP,DB,Acute,CH1,41,2.67,78,,(2021-Sep-16 23:16:16),M29,20.98533333,21,-0.002057392,-0.001964874,1.63E-05,0.983925771,0.557939958,4.496852385,0.532850221,199.5693713,3.326156189,mg O2,,(2021-Sep-17 09:15:13),M1,20.97083333,-0.007030141,-0.006960691,3.28E-05,0.996066505,1.907249022,0.987882489,1.888407643,715.3059253,11.92176542,20.97083333,715.3059253,11.92176542,mg O2,MMR,6,3,1,515.7365539,8.595609232,3.584247024,515.7365539,8.595609232,3.584247024,,
178,LP,DB,Acute,CH2,42,2.81,78,,(2021-Sep-17 02:44:16),M45,20.976,21,-0.002125858,-0.002013842,2.31E-05,0.969558405,0.575435739,5.269193133,0.545114918,193.9910741,3.233184568,mg O2,,(2021-Sep-17 09:27:13),M2,21.02477778,-0.006779958,-0.00671192,3.10E-05,0.996206491,1.835714435,1.003519839,1.817292677,651.3593823,10.85598971,21.02477778,651.3593823,10.85598971,mg O2,MMR,6,3,1,457.3683083,7.622805138,3.357677076,457.3683083,7.622805138,3.357677076,,
179,LP,DB,Acute,CH3,43,3.04,78,,(2021-Sep-17 04:15:16),M52,21.01041667,21,-0.002039935,-0.001934644,1.67E-05,0.982672853,0.550488625,5.161455745,0.522075398,171.7353284,2.862255474,mg O2,,(2021-Sep-17 09:39:13),M3,20.96066667,-0.00519191,-0.005127538,4.80E-05,0.984643786,1.402002715,1.239864137,1.384619786,463.0835406,7.71805901,20.96066667,463.0835406,7.71805901,mg O2,MMR,6,3,1,291.3482122,4.855803536,2.696495502,291.3482122,4.855803536,2.696495502,,
180,LP,DB,Acute,CH4,44,4.19,78,,(2021-Sep-17 05:33:16),M58,21.01733333,21,-0.00368709,-0.003562651,1.44E-05,0.99612084,0.979718795,3.374997061,0.946653314,225.9315786,3.76552631,mg O2,,(2021-Sep-17 09:51:13),M4,20.98683333,-0.009559192,-0.009489677,7.35E-05,0.989431971,2.54243919,0.72721151,2.523950279,612.6092911,10.21015485,20.98683333,612.6092911,10.21015485,mg O2,MMR,6,3,1,386.6777125,6.444628542,2.71148148,386.6777125,6.444628542,2.71148148,,
181,LP,DB,Acute,CH5,45,2.49,78,,(2021-Sep-17 00:47:16),M36,20.921625,21,-0.001768448,-0.001682395,1.75E-05,0.974850623,0.480727807,4.865986929,0.457335655,183.6689378,3.061148963,mg O2,,(2021-Sep-17 10:03:13),M5,20.92261111,-0.005619814,-0.005551562,4.31E-05,0.989405465,1.527870084,1.214487267,1.509314297,608.5944744,10.14324124,20.92261111,608.5944744,10.14324124,mg O2,MMR,6,3,1,424.9255366,7.082092277,3.313540557,424.9255366,7.082092277,3.313540557,,
182,LP,DB,Acute,CH6,46,2.83,78,,(2021-Sep-17 03:10:16),M47,20.92245833,21,-0.00208126,-0.001976162,1.42E-05,0.987920375,0.563213923,5.049746431,0.534773048,188.9657415,3.149429025,mg O2,,(2021-Sep-17 10:15:13),M6,20.95888889,-0.006692717,-0.006620862,3.52E-05,0.995007667,1.81185239,1.073629255,1.792399813,640.1427902,10.6690465,20.95888889,640.1427902,10.6690465,mg O2,MMR,6,3,1,451.1770487,7.519617479,3.387612935,451.1770487,7.519617479,3.387612935,,
183,LP,DB,Acute,CH7,47,4.89,78,,(2021-Sep-16 23:16:16),M29,20.937375,21,-0.003585464,-0.003511457,4.53E-05,0.961893848,0.943679872,2.064087614,0.924201493,188.9982603,3.149971006,mg O2,,(2021-Sep-17 10:27:13),M7,20.92627778,-0.009443102,-0.009370672,6.28E-05,0.992072609,2.487426427,0.767019268,2.468347387,511.0450076,8.517416793,20.92627778,511.0450076,8.517416793,mg O2,MMR,6,3,1,322.0467473,5.367445788,2.703966728,322.0467473,5.367445788,2.703966728,,
184,LP,DB,Acute,CH8,48,4.83,78,,(2021-Sep-16 18:04:16),M5,20.92320833,21,-0.003613961,-0.003581432,4.36E-05,0.965675087,0.951960747,0.900097492,0.943392173,195.3192904,3.255321506,mg O2,,(2021-Sep-17 10:39:13),M8,20.89605556,-0.010531647,-0.010462453,5.11E-05,0.995775022,2.777953638,0.657009834,2.759702209,583.4465559,9.724109264,20.89605556,583.4465559,9.724109264,mg O2,MMR,6,3,1,388.1272655,6.468787758,2.987142513,388.1272655,6.468787758,2.987142513,,
193,UP,LF,Acute,CH1,49,17.01,317,,(2021-Sep-21 10:33:42),M74,27.04275,27,-0.005253665,-0.004921438,1.91E-05,0.998214254,5.67376897,6.323710338,5.314976255,312.461861,5.207697683,mg O2,,(2021-Sep-21 13:48:40),M5,27.09183333,-0.008905934,-0.008871073,5.57E-05,0.997721728,9.63251543,0.391437452,9.594810157,579.3967486,9.656612477,26.78966667,687.0477896,11.45079649,mg O2,SMR,7,1,1,266.9348877,4.448914794,1.854295903,374.5859286,6.243098811,,,
194,UP,LF,Acute,CH2,50,14.51,317,,(2021-Sep-21 10:00:42),M71,27.03191667,27,-0.004879517,-0.004595219,2.48E-05,0.996580774,5.313618236,5.826360079,5.004027704,344.8675192,5.747791987,mg O2,,(2021-Sep-21 13:28:40),M3,26.98933333,-0.008309126,-0.008264131,6.33E-05,0.996607873,9.063295539,0.541513533,9.014216567,643.4130312,10.72355052,26.782,771.1600091,12.85266682,mg O2,SMR,7,1,1,298.545512,4.975758533,1.865681734,426.2924899,7.104874832,,,
195,UP,LF,Acute,CH3,51,16.17,317,,(2021-Sep-21 10:00:42),M71,27.03191667,27,-0.005551467,-0.005252478,1.88E-05,0.998491655,6.012172211,5.385766802,5.688370636,351.7854444,5.86309074,mg O2,,(2021-Sep-21 13:18:40),M2,27.02266667,-0.010466815,-0.010403558,4.16E-05,0.999074177,11.36482577,0.604354988,11.29614188,733.9923247,12.23320541,27.02266667,733.9923247,12.23320541,mg O2,MMR,7,1,1,382.2068803,6.370114671,2.086477245,382.2068803,6.370114671,,,
196,UP,LF,Acute,CH4,52,12.52,317,,(2021-Sep-21 11:28:42),M79,27.03591667,27,-0.005261672,-0.00490657,2.07E-05,0.997877818,5.767465798,6.748837644,5.378228895,429.570998,7.159516634,mg O2,,(2021-Sep-21 13:38:40),M4,27.07183333,-0.008678796,-0.008643247,5.34E-05,0.997790595,9.527755632,0.409606617,9.488729315,787.4464161,13.12410694,26.782,920.1159577,15.33526596,mg O2,SMR,7,1,1,357.8754181,5.964590302,1.83309958,490.5449597,8.175749328,,,
197,UP,LF,Acute,CH5,53,11.74,317,,(2021-Sep-21 12:12:42),M83,27.03658333,27,-0.004324548,-0.003780812,1.64E-05,0.99778804,4.752401192,12.57324684,4.154870059,353.9071601,5.898452668,mg O2,,(2021-Sep-21 13:48:40),M5,27.09183333,-0.00727171,-0.007132101,4.15E-05,0.998039647,8.003185876,1.919891195,7.849533415,695.8806219,11.59801036,26.78966667,754.484757,12.57474595,mg O2,SMR,7,1,1,341.9734618,5.699557697,1.966280145,400.577597,6.676293283,,,
198,UP,LF,Acute,CH6,54,14.24,317,,(2021-Sep-21 08:21:42),M62,27.01591667,27,-0.004246044,-0.003990981,2.99E-05,0.993475767,4.627916457,6.007069905,4.34991428,305.4715084,5.091191807,mg O2,,(2021-Sep-21 14:08:40),M7,27.11183333,-0.010256383,-0.010197287,8.82E-05,0.995680104,11.20686303,0.576189447,11.14229027,826.5793971,13.77632328,27.11183333,826.5793971,13.77632328,mg O2,MMR,7,1,1,521.1078887,8.685131478,2.705913233,521.1078887,8.685131478,,,
199,UP,LF,Acute,CH7,55,11.7,317,,(2021-Sep-21 08:54:42),M65,27.02666667,27,-0.004235935,-0.003918627,2.05E-05,0.996775309,4.655631756,7.490865289,4.306884652,368.1097994,6.135163323,mg O2,,(2021-Sep-21 14:28:40),M9,27.0725,-0.006642564,-0.006538224,3.89E-05,0.997946024,7.305731521,1.570786045,7.19097411,625.8463107,10.43077184,26.78966667,793.9164164,13.23194027,mg O2,SMR,7,1,1,257.7365113,4.295608522,1.700162049,425.8066171,7.096776951,,,
200,UP,LF,Acute,CH8,56,10.05,317,,(2021-Sep-21 09:05:42),M66,27.02616667,27,-0.003939149,-0.003507564,1.99E-05,0.996219989,4.352838013,10.95629515,3.875928233,385.6645008,6.427741679,mg O2,,(2021-Sep-21 14:28:40),M9,27.0725,-0.006585965,-0.006317136,4.28E-05,0.997342889,7.293034244,4.081843854,6.995343974,744.1855292,12.40309215,26.782,783.4120723,13.05686787,mg O2,SMR,7,1,1,358.5210284,5.975350474,1.92961895,397.7475716,6.629126193,,,